policy,budget,budget_feasible,contact_rate,incremental_spend_per_customer,gross_margin,email_cost,incremental_revenue,gross_profit,campaign_cost,net_profit,roi,value_per_1000,break_even_cost
propensity,0.05,True,0.05,0.055523437500000015,0.3,0.02,710.7000000000002,213.21000000000004,12.8,200.41000000000003,15.657031250000001,15.657031250000001,0.333140625
propensity,0.05,True,0.05,0.055523437500000015,0.3,0.05,710.7000000000002,213.21000000000004,32.00000000000001,181.21000000000004,5.6628125,14.157031250000003,0.333140625
propensity,0.05,True,0.05,0.055523437500000015,0.3,0.1,710.7000000000002,213.21000000000004,64.00000000000001,149.21000000000004,2.33140625,11.657031250000003,0.333140625
propensity,0.05,True,0.05,0.055523437500000015,0.5,0.02,710.7000000000002,355.3500000000001,12.8,342.55000000000007,26.761718750000004,26.761718750000007,0.5552343750000002
propensity,0.05,True,0.05,0.055523437500000015,0.5,0.05,710.7000000000002,355.3500000000001,32.00000000000001,323.3500000000001,10.1046875,25.261718750000007,0.5552343750000002
propensity,0.05,True,0.05,0.055523437500000015,0.5,0.1,710.7000000000002,355.3500000000001,64.00000000000001,291.3500000000001,4.55234375,22.761718750000007,0.5552343750000002
propensity,0.05,True,0.05,0.055523437500000015,0.7,0.02,710.7000000000002,497.49000000000007,12.8,484.69000000000005,37.866406250000004,37.866406250000004,0.777328125
propensity,0.05,True,0.05,0.055523437500000015,0.7,0.05,710.7000000000002,497.49000000000007,32.00000000000001,465.49000000000007,14.546562499999999,36.366406250000004,0.777328125
propensity,0.05,True,0.05,0.055523437500000015,0.7,0.1,710.7000000000002,497.49000000000007,64.00000000000001,433.49000000000007,6.773281249999999,33.86640625000001,0.777328125
propensity,0.1,True,0.1,0.04572773437500002,0.3,0.02,585.3150000000003,175.59450000000007,25.6,149.99450000000007,5.859160156250002,11.718320312500007,0.13718320312500004
propensity,0.1,True,0.1,0.04572773437500002,0.3,0.05,585.3150000000003,175.59450000000007,64.00000000000001,111.59450000000005,1.7436640625000004,8.718320312500005,0.13718320312500004
propensity,0.1,True,0.1,0.04572773437500002,0.3,0.1,585.3150000000003,175.59450000000007,128.00000000000003,47.59450000000004,0.37183203125000025,3.718320312500003,0.13718320312500004
propensity,0.1,True,0.1,0.04572773437500002,0.5,0.02,585.3150000000003,292.65750000000014,25.6,267.0575000000001,10.431933593750005,20.86386718750001,0.22863867187500012
propensity,0.1,True,0.1,0.04572773437500002,0.5,0.05,585.3150000000003,292.65750000000014,64.00000000000001,228.65750000000014,3.5727734375000013,17.86386718750001,0.22863867187500012
propensity,0.1,True,0.1,0.04572773437500002,0.5,0.1,585.3150000000003,292.65750000000014,128.00000000000003,164.6575000000001,1.2863867187500007,12.86386718750001,0.22863867187500012
propensity,0.1,True,0.1,0.04572773437500002,0.7,0.02,585.3150000000003,409.7205000000002,25.6,384.12050000000016,15.004707031250005,30.009414062500014,0.3200941406250001
propensity,0.1,True,0.1,0.04572773437500002,0.7,0.05,585.3150000000003,409.7205000000002,64.00000000000001,345.7205000000002,5.401882812500002,27.009414062500014,0.3200941406250001
propensity,0.1,True,0.1,0.04572773437500002,0.7,0.1,585.3150000000003,409.7205000000002,128.00000000000003,281.72050000000013,2.2009414062500006,22.00941406250001,0.3200941406250001
propensity,0.15,True,0.15,0.06636093750000002,0.3,0.02,849.4200000000003,254.82600000000008,38.4,216.42600000000007,5.636093750000002,16.908281250000005,0.13272187500000004
propensity,0.15,True,0.15,0.06636093750000002,0.3,0.05,849.4200000000003,254.82600000000008,96.0,158.82600000000008,1.654437500000001,12.408281250000007,0.13272187500000004
propensity,0.15,True,0.15,0.06636093750000002,0.3,0.1,849.4200000000003,254.82600000000008,192.0,62.82600000000008,0.3272187500000004,4.908281250000006,0.13272187500000004
propensity,0.15,True,0.15,0.06636093750000002,0.5,0.02,849.4200000000003,424.71000000000015,38.4,386.3100000000002,10.060156250000006,30.180468750000014,0.22120312500000008
propensity,0.15,True,0.15,0.06636093750000002,0.5,0.05,849.4200000000003,424.71000000000015,96.0,328.71000000000015,3.4240625000000016,25.68046875000001,0.22120312500000008
propensity,0.15,True,0.15,0.06636093750000002,0.5,0.1,849.4200000000003,424.71000000000015,192.0,232.71000000000015,1.2120312500000008,18.18046875000001,0.22120312500000008
propensity,0.15,True,0.15,0.06636093750000002,0.7,0.02,849.4200000000003,594.5940000000002,38.4,556.1940000000002,14.484218750000005,43.45265625000001,0.3096843750000001
propensity,0.15,True,0.15,0.06636093750000002,0.7,0.05,849.4200000000003,594.5940000000002,96.0,498.59400000000016,5.193687500000002,38.95265625000002,0.3096843750000001
propensity,0.15,True,0.15,0.06636093750000002,0.7,0.1,849.4200000000003,594.5940000000002,192.0,402.59400000000016,2.096843750000001,31.452656250000015,0.3096843750000001
propensity,0.2,True,0.2,0.07626093750000003,0.3,0.02,976.1400000000003,292.8420000000001,51.2,241.6420000000001,4.719570312500002,18.878281250000008,0.11439140625000004
propensity,0.2,True,0.2,0.07626093750000003,0.3,0.05,976.1400000000003,292.8420000000001,128.00000000000003,164.84200000000007,1.2878281250000003,12.878281250000006,0.11439140625000004
propensity,0.2,True,0.2,0.07626093750000003,0.3,0.1,976.1400000000003,292.8420000000001,256.00000000000006,36.84200000000004,0.14391406250000013,2.8782812500000032,0.11439140625000004
propensity,0.2,True,0.2,0.07626093750000003,0.5,0.02,976.1400000000003,488.07000000000016,51.2,436.8700000000002,8.532617187500003,34.13046875000001,0.19065234375000006
propensity,0.2,True,0.2,0.07626093750000003,0.5,0.05,976.1400000000003,488.07000000000016,128.00000000000003,360.07000000000016,2.813046875000001,28.130468750000013,0.19065234375000006
propensity,0.2,True,0.2,0.07626093750000003,0.5,0.1,976.1400000000003,488.07000000000016,256.00000000000006,232.0700000000001,0.9065234375000002,18.130468750000006,0.19065234375000006
propensity,0.2,True,0.2,0.07626093750000003,0.7,0.02,976.1400000000003,683.2980000000002,51.2,632.0980000000002,12.345664062500003,49.38265625000002,0.2669132812500001
propensity,0.2,True,0.2,0.07626093750000003,0.7,0.05,976.1400000000003,683.2980000000002,128.00000000000003,555.2980000000002,4.338265625000001,43.38265625000002,0.2669132812500001
propensity,0.2,True,0.2,0.07626093750000003,0.7,0.1,976.1400000000003,683.2980000000002,256.00000000000006,427.2980000000002,1.6691328125000002,33.38265625000001,0.2669132812500001
propensity,0.25,True,0.25,0.14822695312500003,0.3,0.02,1897.3050000000005,569.1915000000001,64.0,505.19150000000013,7.893617187500002,39.46808593750001,0.17787234375000002
propensity,0.25,True,0.25,0.14822695312500003,0.3,0.05,1897.3050000000005,569.1915000000001,160.0,409.19150000000013,2.557446875000001,31.968085937500007,0.17787234375000002
propensity,0.25,True,0.25,0.14822695312500003,0.3,0.1,1897.3050000000005,569.1915000000001,320.0,249.19150000000013,0.7787234375000004,19.46808593750001,0.17787234375000002
propensity,0.25,True,0.25,0.14822695312500003,0.5,0.02,1897.3050000000005,948.6525000000003,64.0,884.6525000000003,13.822695312500004,69.11347656250003,0.29645390625000007
propensity,0.25,True,0.25,0.14822695312500003,0.5,0.05,1897.3050000000005,948.6525000000003,160.0,788.6525000000003,4.929078125000002,61.61347656250002,0.29645390625000007
propensity,0.25,True,0.25,0.14822695312500003,0.5,0.1,1897.3050000000005,948.6525000000003,320.0,628.6525000000003,1.9645390625000008,49.11347656250002,0.29645390625000007
propensity,0.25,True,0.25,0.14822695312500003,0.7,0.02,1897.3050000000005,1328.1135000000004,64.0,1264.1135000000004,19.751773437500006,98.75886718750003,0.4150354687500001
propensity,0.25,True,0.25,0.14822695312500003,0.7,0.05,1897.3050000000005,1328.1135000000004,160.0,1168.1135000000004,7.300709375000002,91.25886718750003,0.4150354687500001
propensity,0.25,True,0.25,0.14822695312500003,0.7,0.1,1897.3050000000005,1328.1135000000004,320.0,1008.1135000000004,3.150354687500001,78.75886718750003,0.4150354687500001
propensity,0.3,True,0.3,0.24027539062500008,0.3,0.02,3075.525000000001,922.6575000000003,76.8,845.8575000000003,11.013769531250004,66.08261718750002,0.24027539062500006
propensity,0.3,True,0.3,0.24027539062500008,0.3,0.05,3075.525000000001,922.6575000000003,192.0,730.6575000000003,3.8055078125000015,57.08261718750002,0.24027539062500006
propensity,0.3,True,0.3,0.24027539062500008,0.3,0.1,3075.525000000001,922.6575000000003,384.0,538.6575000000003,1.4027539062500007,42.08261718750002,0.24027539062500006
propensity,0.3,True,0.3,0.24027539062500008,0.5,0.02,3075.525000000001,1537.7625000000005,76.8,1460.9625000000005,19.022949218750007,114.13769531250004,0.40045898437500016
propensity,0.3,True,0.3,0.24027539062500008,0.5,0.05,3075.525000000001,1537.7625000000005,192.0,1345.7625000000005,7.009179687500002,105.13769531250004,0.40045898437500016
propensity,0.3,True,0.3,0.24027539062500008,0.5,0.1,3075.525000000001,1537.7625000000005,384.0,1153.7625000000005,3.004589843750001,90.13769531250004,0.40045898437500016
propensity,0.3,True,0.3,0.24027539062500008,0.7,0.02,3075.525000000001,2152.8675000000007,76.8,2076.0675000000006,27.03212890625001,162.19277343750005,0.5606425781250002
propensity,0.3,True,0.3,0.24027539062500008,0.7,0.05,3075.525000000001,2152.8675000000007,192.0,1960.8675000000007,10.212851562500004,153.19277343750008,0.5606425781250002
propensity,0.3,True,0.3,0.24027539062500008,0.7,0.1,3075.525000000001,2152.8675000000007,384.0,1768.8675000000007,4.606425781250002,138.19277343750005,0.5606425781250002
propensity,0.35,True,0.35,0.2795226562500001,0.3,0.02,3577.8900000000012,1073.3670000000004,89.6,983.7670000000004,10.979542410714291,76.85679687500003,0.2395908482142858
propensity,0.35,True,0.35,0.2795226562500001,0.3,0.05,3577.8900000000012,1073.3670000000004,223.99999999999997,849.3670000000004,3.7918169642857165,66.35679687500003,0.2395908482142858
propensity,0.35,True,0.35,0.2795226562500001,0.3,0.1,3577.8900000000012,1073.3670000000004,447.99999999999994,625.3670000000004,1.3959084821428582,48.85679687500003,0.2395908482142858
propensity,0.35,True,0.35,0.2795226562500001,0.5,0.02,3577.8900000000012,1788.9450000000006,89.6,1699.3450000000007,18.965904017857152,132.76132812500006,0.39931808035714306
propensity,0.35,True,0.35,0.2795226562500001,0.5,0.05,3577.8900000000012,1788.9450000000006,223.99999999999997,1564.9450000000006,6.986361607142861,122.26132812500005,0.39931808035714306
propensity,0.35,True,0.35,0.2795226562500001,0.5,0.1,3577.8900000000012,1788.9450000000006,447.99999999999994,1340.9450000000006,2.9931808035714305,104.76132812500005,0.39931808035714306
propensity,0.35,True,0.35,0.2795226562500001,0.7,0.02,3577.8900000000012,2504.5230000000006,89.6,2414.9230000000007,26.95226562500001,188.66585937500005,0.5590453125000002
propensity,0.35,True,0.35,0.2795226562500001,0.7,0.05,3577.8900000000012,2504.5230000000006,223.99999999999997,2280.5230000000006,10.180906250000003,178.16585937500005,0.5590453125000002
propensity,0.35,True,0.35,0.2795226562500001,0.7,0.1,3577.8900000000012,2504.5230000000006,447.99999999999994,2056.5230000000006,4.590453125000002,160.66585937500005,0.5590453125000002
propensity,0.4,True,0.4,0.3685125000000001,0.3,0.02,4716.960000000001,1415.0880000000002,102.4,1312.688,12.819218750000001,102.55375000000001,0.276384375
propensity,0.4,True,0.4,0.3685125000000001,0.3,0.05,4716.960000000001,1415.0880000000002,256.00000000000006,1159.0880000000002,4.5276875,90.55375000000002,0.276384375
propensity,0.4,True,0.4,0.3685125000000001,0.3,0.1,4716.960000000001,1415.0880000000002,512.0000000000001,903.0880000000001,1.7638437499999997,70.55375000000001,0.276384375
propensity,0.4,True,0.4,0.3685125000000001,0.5,0.02,4716.960000000001,2358.4800000000005,102.4,2256.0800000000004,22.032031250000003,176.25625000000002,0.4606406250000001
propensity,0.4,True,0.4,0.3685125000000001,0.5,0.05,4716.960000000001,2358.4800000000005,256.00000000000006,2102.4800000000005,8.2128125,164.25625000000005,0.4606406250000001
propensity,0.4,True,0.4,0.3685125000000001,0.5,0.1,4716.960000000001,2358.4800000000005,512.0000000000001,1846.4800000000005,3.60640625,144.25625000000002,0.4606406250000001
propensity,0.4,True,0.4,0.3685125000000001,0.7,0.02,4716.960000000001,3301.8720000000003,102.4,3199.472,31.24484375,249.95875,0.644896875
propensity,0.4,True,0.4,0.3685125000000001,0.7,0.05,4716.960000000001,3301.8720000000003,256.00000000000006,3045.8720000000003,11.8979375,237.95875000000004,0.644896875
propensity,0.4,True,0.4,0.3685125000000001,0.7,0.1,4716.960000000001,3301.8720000000003,512.0000000000001,2789.8720000000003,5.44896875,217.95875000000004,0.644896875
propensity,0.45,True,0.45,0.32877773437500013,0.3,0.02,4208.355000000001,1262.5065000000004,115.20000000000002,1147.3065000000004,9.959257812500002,89.63332031250003,0.21918515625000007
propensity,0.45,True,0.45,0.32877773437500013,0.3,0.05,4208.355000000001,1262.5065000000004,288.00000000000006,974.5065000000004,3.3837031250000007,76.13332031250003,0.21918515625000007
propensity,0.45,True,0.45,0.32877773437500013,0.3,0.1,4208.355000000001,1262.5065000000004,576.0000000000001,686.5065000000003,1.1918515625000003,53.633320312500025,0.21918515625000007
propensity,0.45,True,0.45,0.32877773437500013,0.5,0.02,4208.355000000001,2104.1775000000007,115.20000000000002,1988.9775000000006,17.265429687500003,155.38886718750007,0.36530859375000013
propensity,0.45,True,0.45,0.32877773437500013,0.5,0.05,4208.355000000001,2104.1775000000007,288.00000000000006,1816.1775000000007,6.306171875000001,141.88886718750004,0.36530859375000013
propensity,0.45,True,0.45,0.32877773437500013,0.5,0.1,4208.355000000001,2104.1775000000007,576.0000000000001,1528.1775000000007,2.6530859375000007,119.38886718750005,0.36530859375000013
propensity,0.45,True,0.45,0.32877773437500013,0.7,0.02,4208.355000000001,2945.848500000001,115.20000000000002,2830.648500000001,24.571601562500007,221.1444140625001,0.5114320312500001
propensity,0.45,True,0.45,0.32877773437500013,0.7,0.05,4208.355000000001,2945.848500000001,288.00000000000006,2657.848500000001,9.228640625000002,207.6444140625001,0.5114320312500001
propensity,0.45,True,0.45,0.32877773437500013,0.7,0.1,4208.355000000001,2945.848500000001,576.0000000000001,2369.848500000001,4.114320312500001,185.14441406250006,0.5114320312500001
propensity,0.5,True,0.5,0.40803398437500005,0.3,0.02,5222.835000000001,1566.8505000000002,128.0,1438.8505000000002,11.241019531250002,112.41019531250002,0.24482039062500002
propensity,0.5,True,0.5,0.40803398437500005,0.3,0.05,5222.835000000001,1566.8505000000002,320.0,1246.8505000000002,3.8964078125000006,97.41019531250002,0.24482039062500002
propensity,0.5,True,0.5,0.40803398437500005,0.3,0.1,5222.835000000001,1566.8505000000002,640.0,926.8505000000002,1.4482039062500003,72.41019531250002,0.24482039062500002
propensity,0.5,True,0.5,0.40803398437500005,0.5,0.02,5222.835000000001,2611.4175000000005,128.0,2483.4175000000005,19.401699218750004,194.01699218750005,0.40803398437500005
propensity,0.5,True,0.5,0.40803398437500005,0.5,0.05,5222.835000000001,2611.4175000000005,320.0,2291.4175000000005,7.160679687500002,179.01699218750002,0.40803398437500005
propensity,0.5,True,0.5,0.40803398437500005,0.5,0.1,5222.835000000001,2611.4175000000005,640.0,1971.4175000000005,3.080339843750001,154.01699218750002,0.40803398437500005
propensity,0.5,True,0.5,0.40803398437500005,0.7,0.02,5222.835000000001,3655.9845000000005,128.0,3527.9845000000005,27.562378906250004,275.6237890625,0.571247578125
propensity,0.5,True,0.5,0.40803398437500005,0.7,0.05,5222.835000000001,3655.9845000000005,320.0,3335.9845000000005,10.424951562500002,260.62378906250007,0.571247578125
propensity,0.5,True,0.5,0.40803398437500005,0.7,0.1,5222.835000000001,3655.9845000000005,640.0,3015.9845000000005,4.712475781250001,235.62378906250004,0.571247578125
propensity,0.55,True,0.55,0.22747734375000014,0.3,0.02,2911.710000000002,873.5130000000005,140.8,732.7130000000004,5.203927556818185,57.24320312500003,0.1240785511363637
propensity,0.55,True,0.55,0.22747734375000014,0.3,0.05,2911.710000000002,873.5130000000005,352.00000000000006,521.5130000000004,1.4815710227272736,40.74320312500003,0.1240785511363637
propensity,0.55,True,0.55,0.22747734375000014,0.3,0.1,2911.710000000002,873.5130000000005,704.0000000000001,169.51300000000037,0.24078551136363685,13.24320312500003,0.1240785511363637
propensity,0.55,True,0.55,0.22747734375000014,0.5,0.02,2911.710000000002,1455.855000000001,140.8,1315.055000000001,9.339879261363642,102.73867187500008,0.20679758522727285
propensity,0.55,True,0.55,0.22747734375000014,0.5,0.05,2911.710000000002,1455.855000000001,352.00000000000006,1103.855000000001,3.1359517045454566,86.23867187500008,0.20679758522727285
propensity,0.55,True,0.55,0.22747734375000014,0.5,0.1,2911.710000000002,1455.855000000001,704.0000000000001,751.8550000000008,1.0679758522727283,58.738671875000065,0.20679758522727285
propensity,0.55,True,0.55,0.22747734375000014,0.7,0.02,2911.710000000002,2038.1970000000013,140.8,1897.3970000000013,13.475830965909099,148.2341406250001,0.28951661931818196
propensity,0.55,True,0.55,0.22747734375000014,0.7,0.05,2911.710000000002,2038.1970000000013,352.00000000000006,1686.1970000000013,4.790332386363639,131.7341406250001,0.28951661931818196
propensity,0.55,True,0.55,0.22747734375000014,0.7,0.1,2911.710000000002,2038.1970000000013,704.0000000000001,1334.197000000001,1.8951661931818193,104.23414062500008,0.28951661931818196
propensity,0.6,True,0.6,0.25924453125000013,0.3,0.02,3318.3300000000017,995.4990000000005,153.6,841.8990000000005,5.481113281250003,65.77335937500004,0.12962226562500007
propensity,0.6,True,0.6,0.25924453125000013,0.3,0.05,3318.3300000000017,995.4990000000005,384.0,611.4990000000005,1.5924453125000013,47.77335937500004,0.12962226562500007
propensity,0.6,True,0.6,0.25924453125000013,0.3,0.1,3318.3300000000017,995.4990000000005,768.0,227.49900000000048,0.2962226562500006,17.773359375000037,0.12962226562500007
propensity,0.6,True,0.6,0.25924453125000013,0.5,0.02,3318.3300000000017,1659.1650000000009,153.6,1505.565000000001,9.801855468750007,117.62226562500007,0.21603710937500012
propensity,0.6,True,0.6,0.25924453125000013,0.5,0.05,3318.3300000000017,1659.1650000000009,384.0,1275.1650000000009,3.3207421875000023,99.62226562500007,0.21603710937500012
propensity,0.6,True,0.6,0.25924453125000013,0.5,0.1,3318.3300000000017,1659.1650000000009,768.0,891.1650000000009,1.1603710937500011,69.62226562500007,0.21603710937500012
propensity,0.6,True,0.6,0.25924453125000013,0.7,0.02,3318.3300000000017,2322.831000000001,153.6,2169.231000000001,14.122597656250008,169.47117187500007,0.3024519531250002
propensity,0.6,True,0.6,0.25924453125000013,0.7,0.05,3318.3300000000017,2322.831000000001,384.0,1938.831000000001,5.049039062500003,151.4711718750001,0.3024519531250002
propensity,0.6,True,0.6,0.25924453125000013,0.7,0.1,3318.3300000000017,2322.831000000001,768.0,1554.831000000001,2.0245195312500015,121.47117187500008,0.3024519531250002
propensity,0.65,True,0.65,0.2557300781250001,0.3,0.02,3273.345000000001,982.0035000000003,166.4,815.6035000000003,4.9014633413461555,63.71902343750002,0.11802926682692311
propensity,0.65,True,0.65,0.2557300781250001,0.3,0.05,3273.345000000001,982.0035000000003,416.0,566.0035000000003,1.3605853365384621,44.21902343750002,0.11802926682692311
propensity,0.65,True,0.65,0.2557300781250001,0.3,0.1,3273.345000000001,982.0035000000003,832.0,150.00350000000026,0.18029266826923107,11.71902343750002,0.11802926682692311
propensity,0.65,True,0.65,0.2557300781250001,0.5,0.02,3273.345000000001,1636.6725000000006,166.4,1470.2725000000005,8.835772235576925,114.86503906250003,0.19671544471153854
propensity,0.65,True,0.65,0.2557300781250001,0.5,0.05,3273.345000000001,1636.6725000000006,416.0,1220.6725000000006,2.9343088942307705,95.36503906250005,0.19671544471153854
propensity,0.65,True,0.65,0.2557300781250001,0.5,0.1,3273.345000000001,1636.6725000000006,832.0,804.6725000000006,0.9671544471153853,62.865039062500045,0.19671544471153854
propensity,0.65,True,0.65,0.2557300781250001,0.7,0.02,3273.345000000001,2291.3415000000005,166.4,2124.9415000000004,12.770081129807695,166.0110546875,0.2754016225961539
propensity,0.65,True,0.65,0.2557300781250001,0.7,0.05,3273.345000000001,2291.3415000000005,416.0,1875.3415000000005,4.508032451923078,146.51105468750004,0.2754016225961539
propensity,0.65,True,0.65,0.2557300781250001,0.7,0.1,3273.345000000001,2291.3415000000005,832.0,1459.3415000000005,1.754016225961539,114.01105468750004,0.2754016225961539
propensity,0.7,True,0.7,0.3451382812500002,0.3,0.02,4417.770000000002,1325.3310000000006,179.2,1146.1310000000005,6.395820312500003,89.54148437500004,0.14791640625000008
propensity,0.7,True,0.7,0.3451382812500002,0.3,0.05,4417.770000000002,1325.3310000000006,447.99999999999994,877.3310000000006,1.9583281250000015,68.54148437500004,0.14791640625000008
propensity,0.7,True,0.7,0.3451382812500002,0.3,0.1,4417.770000000002,1325.3310000000006,895.9999999999999,429.3310000000007,0.4791640625000008,33.54148437500005,0.14791640625000008
propensity,0.7,True,0.7,0.3451382812500002,0.5,0.02,4417.770000000002,2208.885000000001,179.2,2029.685000000001,11.326367187500006,158.56914062500007,0.24652734375000016
propensity,0.7,True,0.7,0.3451382812500002,0.5,0.05,4417.770000000002,2208.885000000001,447.99999999999994,1760.8850000000011,3.930546875000003,137.56914062500007,0.24652734375000016
propensity,0.7,True,0.7,0.3451382812500002,0.5,0.1,4417.770000000002,2208.885000000001,895.9999999999999,1312.8850000000011,1.4652734375000014,102.56914062500009,0.24652734375000016
propensity,0.7,True,0.7,0.3451382812500002,0.7,0.02,4417.770000000002,3092.439000000001,179.2,2913.2390000000014,16.25691406250001,227.5967968750001,0.3451382812500002
propensity,0.7,True,0.7,0.3451382812500002,0.7,0.05,4417.770000000002,3092.439000000001,447.99999999999994,2644.439000000001,5.902765625000003,206.5967968750001,0.3451382812500002
propensity,0.7,True,0.7,0.3451382812500002,0.7,0.1,4417.770000000002,3092.439000000001,895.9999999999999,2196.439000000001,2.4513828125000017,171.5967968750001,0.3451382812500002
propensity,0.75,True,0.75,0.38258789062500015,0.3,0.02,4897.125000000002,1469.1375000000005,192.0,1277.1375000000005,6.651757812500002,99.77636718750003,0.15303515625000005
propensity,0.75,True,0.75,0.38258789062500015,0.3,0.05,4897.125000000002,1469.1375000000005,480.00000000000006,989.1375000000005,2.0607031250000007,77.27636718750004,0.15303515625000005
propensity,0.75,True,0.75,0.38258789062500015,0.3,0.1,4897.125000000002,1469.1375000000005,960.0000000000001,509.1375000000004,0.5303515625000004,39.77636718750003,0.15303515625000005
propensity,0.75,True,0.75,0.38258789062500015,0.5,0.02,4897.125000000002,2448.562500000001,192.0,2256.562500000001,11.752929687500005,176.29394531250006,0.2550585937500001
propensity,0.75,True,0.75,0.38258789062500015,0.5,0.05,4897.125000000002,2448.562500000001,480.00000000000006,1968.562500000001,4.101171875000001,153.79394531250006,0.2550585937500001
propensity,0.75,True,0.75,0.38258789062500015,0.5,0.1,4897.125000000002,2448.562500000001,960.0000000000001,1488.562500000001,1.5505859375000008,116.29394531250007,0.2550585937500001
propensity,0.75,True,0.75,0.38258789062500015,0.7,0.02,4897.125000000002,3427.987500000001,192.0,3235.987500000001,16.854101562500006,252.81152343750009,0.3570820312500001
propensity,0.75,True,0.75,0.38258789062500015,0.7,0.05,4897.125000000002,3427.987500000001,480.00000000000006,2947.987500000001,6.141640625000002,230.31152343750009,0.3570820312500001
propensity,0.75,True,0.75,0.38258789062500015,0.7,0.1,4897.125000000002,3427.987500000001,960.0000000000001,2467.987500000001,2.570820312500001,192.81152343750009,0.3570820312500001
propensity,0.8,True,0.8,0.45016054687500007,0.3,0.02,5762.055000000001,1728.6165000000003,204.8,1523.8165000000004,7.440510253906251,119.04816406250004,0.168810205078125
propensity,0.8,True,0.8,0.45016054687500007,0.3,0.05,5762.055000000001,1728.6165000000003,512.0000000000001,1216.6165,2.3762041015624997,95.0481640625,0.168810205078125
propensity,0.8,True,0.8,0.45016054687500007,0.3,0.1,5762.055000000001,1728.6165000000003,1024.0000000000002,704.6165000000001,0.68810205078125,55.04816406250001,0.168810205078125
propensity,0.8,True,0.8,0.45016054687500007,0.5,0.02,5762.055000000001,2881.0275000000006,204.8,2676.2275000000004,13.06751708984375,209.0802734375,0.281350341796875
propensity,0.8,True,0.8,0.45016054687500007,0.5,0.05,5762.055000000001,2881.0275000000006,512.0000000000001,2369.0275000000006,4.6270068359375,185.08027343750004,0.281350341796875
propensity,0.8,True,0.8,0.45016054687500007,0.5,0.1,5762.055000000001,2881.0275000000006,1024.0000000000002,1857.0275000000004,1.81350341796875,145.0802734375,0.281350341796875
propensity,0.8,True,0.8,0.45016054687500007,0.7,0.02,5762.055000000001,4033.4385000000007,204.8,3828.6385000000005,18.69452392578125,299.1123828125,0.39389047851562503
propensity,0.8,True,0.8,0.45016054687500007,0.7,0.05,5762.055000000001,4033.4385000000007,512.0000000000001,3521.4385000000007,6.8778095703124995,275.1123828125001,0.39389047851562503
propensity,0.8,True,0.8,0.45016054687500007,0.7,0.1,5762.055000000001,4033.4385000000007,1024.0000000000002,3009.4385,2.9389047851562498,235.11238281250002,0.39389047851562503
propensity,0.85,True,0.85,0.47734921875,0.3,0.02,6110.070000000001,1833.0210000000002,217.60000000000002,1615.4210000000003,7.42380974264706,126.20476562500002,0.16847619485294119
propensity,0.85,True,0.85,0.47734921875,0.3,0.05,6110.070000000001,1833.0210000000002,544.0,1289.0210000000002,2.3695238970588237,100.70476562500001,0.16847619485294119
propensity,0.85,True,0.85,0.47734921875,0.3,0.1,6110.070000000001,1833.0210000000002,1088.0,745.0210000000002,0.684761948529412,58.204765625000014,0.16847619485294119
propensity,0.85,True,0.85,0.47734921875,0.5,0.02,6110.070000000001,3055.0350000000003,217.60000000000002,2837.4350000000004,13.039682904411766,221.67460937500002,0.2807936580882353
propensity,0.85,True,0.85,0.47734921875,0.5,0.05,6110.070000000001,3055.0350000000003,544.0,2511.0350000000003,4.615873161764706,196.17460937500002,0.2807936580882353
propensity,0.85,True,0.85,0.47734921875,0.5,0.1,6110.070000000001,3055.0350000000003,1088.0,1967.0350000000003,1.8079365808823533,153.67460937500002,0.2807936580882353
propensity,0.85,True,0.85,0.47734921875,0.7,0.02,6110.070000000001,4277.049,217.60000000000002,4059.449,18.65555606617647,317.144453125,0.39311112132352943
propensity,0.85,True,0.85,0.47734921875,0.7,0.05,6110.070000000001,4277.049,544.0,3733.049,6.862222426470588,291.644453125,0.39311112132352943
propensity,0.85,True,0.85,0.47734921875,0.7,0.1,6110.070000000001,4277.049,1088.0,3189.049,2.931111213235294,249.14445312499998,0.39311112132352943
propensity,0.9,True,0.9,0.5019070312500001,0.3,0.02,6424.410000000002,1927.3230000000003,230.40000000000003,1696.9230000000002,7.3651171875,132.57210937500003,0.16730234375000005
propensity,0.9,True,0.9,0.5019070312500001,0.3,0.05,6424.410000000002,1927.3230000000003,576.0000000000001,1351.3230000000003,2.3460468750000003,105.57210937500003,0.16730234375000005
propensity,0.9,True,0.9,0.5019070312500001,0.3,0.1,6424.410000000002,1927.3230000000003,1152.0000000000002,775.3230000000001,0.6730234374999999,60.57210937500001,0.16730234375000005
propensity,0.9,True,0.9,0.5019070312500001,0.5,0.02,6424.410000000002,3212.205000000001,230.40000000000003,2981.8050000000007,12.941861979166667,232.95351562500005,0.2788372395833334
propensity,0.9,True,0.9,0.5019070312500001,0.5,0.05,6424.410000000002,3212.205000000001,576.0000000000001,2636.205000000001,4.576744791666667,205.95351562500005,0.2788372395833334
propensity,0.9,True,0.9,0.5019070312500001,0.5,0.1,6424.410000000002,3212.205000000001,1152.0000000000002,2060.205000000001,1.7883723958333337,160.95351562500008,0.2788372395833334
propensity,0.9,True,0.9,0.5019070312500001,0.7,0.02,6424.410000000002,4497.087,230.40000000000003,4266.687000000001,18.518606770833333,333.3349218750001,0.39037213541666677
propensity,0.9,True,0.9,0.5019070312500001,0.7,0.05,6424.410000000002,4497.087,576.0000000000001,3921.0870000000004,6.807442708333332,306.3349218750001,0.39037213541666677
propensity,0.9,True,0.9,0.5019070312500001,0.7,0.1,6424.410000000002,4497.087,1152.0000000000002,3345.0870000000004,2.9037213541666667,261.334921875,0.39037213541666677
propensity,0.95,True,0.95,0.5710382812500002,0.3,0.02,7309.290000000003,2192.7870000000007,243.2,1949.5870000000007,8.016393914473687,152.31148437500005,0.18032787828947378
propensity,0.95,True,0.95,0.5710382812500002,0.3,0.05,7309.290000000003,2192.7870000000007,608.0,1584.7870000000007,2.606557565789475,123.81148437500006,0.18032787828947378
propensity,0.95,True,0.95,0.5710382812500002,0.3,0.1,7309.290000000003,2192.7870000000007,1216.0,976.7870000000007,0.8032787828947374,76.31148437500006,0.18032787828947378
propensity,0.95,True,0.95,0.5710382812500002,0.5,0.02,7309.290000000003,3654.6450000000013,243.2,3411.4450000000015,14.027323190789481,266.5191406250001,0.3005464638157896
propensity,0.95,True,0.95,0.5710382812500002,0.5,0.05,7309.290000000003,3654.6450000000013,608.0,3046.6450000000013,5.0109292763157915,238.0191406250001,0.3005464638157896
propensity,0.95,True,0.95,0.5710382812500002,0.5,0.1,7309.290000000003,3654.6450000000013,1216.0,2438.6450000000013,2.0054646381578958,190.51914062500012,0.3005464638157896
propensity,0.95,True,0.95,0.5710382812500002,0.7,0.02,7309.290000000003,5116.5030000000015,243.2,4873.303000000002,20.03825246710527,380.7267968750001,0.4207650493421054
propensity,0.95,True,0.95,0.5710382812500002,0.7,0.05,7309.290000000003,5116.5030000000015,608.0,4508.5030000000015,7.415300986842108,352.22679687500016,0.4207650493421054
propensity,0.95,True,0.95,0.5710382812500002,0.7,0.1,7309.290000000003,5116.5030000000015,1216.0,3900.5030000000015,3.207650493421054,304.7267968750001,0.4207650493421054
propensity,1.0,True,1.0,0.6710414062500001,0.3,0.02,8589.330000000002,2576.7990000000004,256.0,2320.7990000000004,9.065621093750002,181.31242187500004,0.201312421875
propensity,1.0,True,1.0,0.6710414062500001,0.3,0.05,8589.330000000002,2576.7990000000004,640.0,1936.7990000000004,3.0262484375000005,151.31242187500004,0.201312421875
propensity,1.0,True,1.0,0.6710414062500001,0.3,0.1,8589.330000000002,2576.7990000000004,1280.0,1296.7990000000004,1.0131242187500002,101.31242187500003,0.201312421875
propensity,1.0,True,1.0,0.6710414062500001,0.5,0.02,8589.330000000002,4294.665000000001,256.0,4038.665000000001,15.776035156250003,315.52070312500007,0.33552070312500004
propensity,1.0,True,1.0,0.6710414062500001,0.5,0.05,8589.330000000002,4294.665000000001,640.0,3654.665000000001,5.710414062500002,285.52070312500007,0.33552070312500004
propensity,1.0,True,1.0,0.6710414062500001,0.5,0.1,8589.330000000002,4294.665000000001,1280.0,3014.665000000001,2.355207031250001,235.52070312500007,0.33552070312500004
propensity,1.0,True,1.0,0.6710414062500001,0.7,0.02,8589.330000000002,6012.531000000001,256.0,5756.531000000001,22.486449218750003,449.7289843750001,0.46972898437500005
propensity,1.0,True,1.0,0.6710414062500001,0.7,0.05,8589.330000000002,6012.531000000001,640.0,5372.531000000001,8.394579687500002,419.72898437500004,0.46972898437500005
propensity,1.0,True,1.0,0.6710414062500001,0.7,0.1,8589.330000000002,6012.531000000001,1280.0,4732.531000000001,3.6972898437500006,369.7289843750001,0.46972898437500005
uplift_tree,0.05,True,0.05,-0.023407031249999998,0.3,0.02,-299.60999999999996,-89.88299999999998,12.8,-102.68299999999998,-8.022109374999998,-8.022109374999998,-0.14044218749999998
uplift_tree,0.05,True,0.05,-0.023407031249999998,0.3,0.05,-299.60999999999996,-89.88299999999998,32.00000000000001,-121.88299999999998,-3.8088437499999985,-9.522109375,-0.14044218749999998
uplift_tree,0.05,True,0.05,-0.023407031249999998,0.3,0.1,-299.60999999999996,-89.88299999999998,64.00000000000001,-153.88299999999998,-2.4044218749999993,-12.022109375,-0.14044218749999998
uplift_tree,0.05,True,0.05,-0.023407031249999998,0.5,0.02,-299.60999999999996,-149.80499999999998,12.8,-162.605,-12.703515624999998,-12.703515625,-0.23407031249999996
uplift_tree,0.05,True,0.05,-0.023407031249999998,0.5,0.05,-299.60999999999996,-149.80499999999998,32.00000000000001,-181.80499999999998,-5.681406249999998,-14.203515624999998,-0.23407031249999996
uplift_tree,0.05,True,0.05,-0.023407031249999998,0.5,0.1,-299.60999999999996,-149.80499999999998,64.00000000000001,-213.805,-3.340703124999999,-16.703515625,-0.23407031249999996
uplift_tree,0.05,True,0.05,-0.023407031249999998,0.7,0.02,-299.60999999999996,-209.72699999999995,12.8,-222.52699999999996,-17.384921874999996,-17.384921874999996,-0.3276984374999999
uplift_tree,0.05,True,0.05,-0.023407031249999998,0.7,0.05,-299.60999999999996,-209.72699999999995,32.00000000000001,-241.72699999999995,-7.553968749999997,-18.884921874999996,-0.3276984374999999
uplift_tree,0.05,True,0.05,-0.023407031249999998,0.7,0.1,-299.60999999999996,-209.72699999999995,64.00000000000001,-273.727,-4.276984374999999,-21.384921874999996,-0.3276984374999999
uplift_tree,0.1,True,0.1,-0.030505078124999994,0.3,0.02,-390.4649999999999,-117.13949999999997,25.6,-142.73949999999996,-5.575761718749998,-11.151523437499998,-0.09151523437499998
uplift_tree,0.1,True,0.1,-0.030505078124999994,0.3,0.05,-390.4649999999999,-117.13949999999997,64.00000000000001,-181.1395,-2.8303046874999995,-14.1515234375,-0.09151523437499998
uplift_tree,0.1,True,0.1,-0.030505078124999994,0.3,0.1,-390.4649999999999,-117.13949999999997,128.00000000000003,-245.1395,-1.9151523437499995,-19.1515234375,-0.09151523437499998
uplift_tree,0.1,True,0.1,-0.030505078124999994,0.5,0.02,-390.4649999999999,-195.23249999999996,25.6,-220.83249999999995,-8.626269531249998,-17.252539062499995,-0.15252539062499995
uplift_tree,0.1,True,0.1,-0.030505078124999994,0.5,0.05,-390.4649999999999,-195.23249999999996,64.00000000000001,-259.23249999999996,-4.0505078124999985,-20.2525390625,-0.15252539062499995
uplift_tree,0.1,True,0.1,-0.030505078124999994,0.5,0.1,-390.4649999999999,-195.23249999999996,128.00000000000003,-323.23249999999996,-2.5252539062499992,-25.252539062499995,-0.15252539062499995
uplift_tree,0.1,True,0.1,-0.030505078124999994,0.7,0.02,-390.4649999999999,-273.3254999999999,25.6,-298.92549999999994,-11.676777343749997,-23.353554687499997,-0.21353554687499993
uplift_tree,0.1,True,0.1,-0.030505078124999994,0.7,0.05,-390.4649999999999,-273.3254999999999,64.00000000000001,-337.3254999999999,-5.270710937499998,-26.353554687499994,-0.21353554687499993
uplift_tree,0.1,True,0.1,-0.030505078124999994,0.7,0.1,-390.4649999999999,-273.3254999999999,128.00000000000003,-401.3254999999999,-3.1353554687499985,-31.353554687499994,-0.21353554687499993
uplift_tree,0.15,True,0.15,0.06357421875000002,0.3,0.02,813.7500000000002,244.12500000000006,38.4,205.72500000000005,5.357421875000002,16.072265625000007,0.12714843750000004
uplift_tree,0.15,True,0.15,0.06357421875000002,0.3,0.05,813.7500000000002,244.12500000000006,96.0,148.12500000000006,1.5429687500000007,11.572265625000005,0.12714843750000004
uplift_tree,0.15,True,0.15,0.06357421875000002,0.3,0.1,813.7500000000002,244.12500000000006,192.0,52.12500000000006,0.2714843750000003,4.072265625000004,0.12714843750000004
uplift_tree,0.15,True,0.15,0.06357421875000002,0.5,0.02,813.7500000000002,406.8750000000001,38.4,368.47500000000014,9.595703125000004,28.78710937500001,0.21191406250000008
uplift_tree,0.15,True,0.15,0.06357421875000002,0.5,0.05,813.7500000000002,406.8750000000001,96.0,310.8750000000001,3.2382812500000013,24.287109375000007,0.21191406250000008
uplift_tree,0.15,True,0.15,0.06357421875000002,0.5,0.1,813.7500000000002,406.8750000000001,192.0,214.8750000000001,1.1191406250000007,16.787109375000007,0.21191406250000008
uplift_tree,0.15,True,0.15,0.06357421875000002,0.7,0.02,813.7500000000002,569.6250000000001,38.4,531.2250000000001,13.833984375000004,41.501953125000014,0.2966796875000001
uplift_tree,0.15,True,0.15,0.06357421875000002,0.7,0.05,813.7500000000002,569.6250000000001,96.0,473.6250000000001,4.933593750000001,37.00195312500001,0.2966796875000001
uplift_tree,0.15,True,0.15,0.06357421875000002,0.7,0.1,813.7500000000002,569.6250000000001,192.0,377.6250000000001,1.9667968750000007,29.501953125000007,0.2966796875000001
uplift_tree,0.2,True,0.2,0.07422539062500003,0.3,0.02,950.0850000000004,285.0255000000001,51.2,233.8255000000001,4.566904296875001,18.267617187500008,0.11133808593750004
uplift_tree,0.2,True,0.2,0.07422539062500003,0.3,0.05,950.0850000000004,285.0255000000001,128.00000000000003,157.02550000000005,1.2267617187500002,12.267617187500003,0.11133808593750004
uplift_tree,0.2,True,0.2,0.07422539062500003,0.3,0.1,950.0850000000004,285.0255000000001,256.00000000000006,29.025500000000022,0.11338085937500006,2.2676171875000017,0.11133808593750004
uplift_tree,0.2,True,0.2,0.07422539062500003,0.5,0.02,950.0850000000004,475.0425000000002,51.2,423.8425000000002,8.278173828125004,33.112695312500016,0.18556347656250005
uplift_tree,0.2,True,0.2,0.07422539062500003,0.5,0.05,950.0850000000004,475.0425000000002,128.00000000000003,347.04250000000013,2.7112695312500006,27.112695312500012,0.18556347656250005
uplift_tree,0.2,True,0.2,0.07422539062500003,0.5,0.1,950.0850000000004,475.0425000000002,256.00000000000006,219.04250000000013,0.8556347656250003,17.11269531250001,0.18556347656250005
uplift_tree,0.2,True,0.2,0.07422539062500003,0.7,0.02,950.0850000000004,665.0595000000002,51.2,613.8595000000001,11.989443359375002,47.95777343750001,0.25978886718750005
uplift_tree,0.2,True,0.2,0.07422539062500003,0.7,0.05,950.0850000000004,665.0595000000002,128.00000000000003,537.0595000000002,4.1957773437500006,41.95777343750001,0.25978886718750005
uplift_tree,0.2,True,0.2,0.07422539062500003,0.7,0.1,950.0850000000004,665.0595000000002,256.00000000000006,409.0595000000001,1.597888671875,31.95777343750001,0.25978886718750005
uplift_tree,0.25,True,0.25,0.07629726562500001,0.3,0.02,976.6050000000001,292.98150000000004,64.0,228.98150000000004,3.5778359375000006,17.889179687500004,0.09155671875000002
uplift_tree,0.25,True,0.25,0.07629726562500001,0.3,0.05,976.6050000000001,292.98150000000004,160.0,132.98150000000004,0.8311343750000002,10.389179687500004,0.09155671875000002
uplift_tree,0.25,True,0.25,0.07629726562500001,0.3,0.1,976.6050000000001,292.98150000000004,320.0,-27.01849999999996,-0.08443281249999987,-2.110820312499997,0.09155671875000002
uplift_tree,0.25,True,0.25,0.07629726562500001,0.5,0.02,976.6050000000001,488.30250000000007,64.0,424.30250000000007,6.629726562500001,33.148632812500004,0.15259453125000003
uplift_tree,0.25,True,0.25,0.07629726562500001,0.5,0.05,976.6050000000001,488.30250000000007,160.0,328.30250000000007,2.0518906250000004,25.648632812500004,0.15259453125000003
uplift_tree,0.25,True,0.25,0.07629726562500001,0.5,0.1,976.6050000000001,488.30250000000007,320.0,168.30250000000007,0.5259453125000002,13.148632812500004,0.15259453125000003
uplift_tree,0.25,True,0.25,0.07629726562500001,0.7,0.02,976.6050000000001,683.6235,64.0,619.6235,9.6816171875,48.408085937500005,0.21363234375000004
uplift_tree,0.25,True,0.25,0.07629726562500001,0.7,0.05,976.6050000000001,683.6235,160.0,523.6235,3.2726468750000004,40.908085937500005,0.21363234375000004
uplift_tree,0.25,True,0.25,0.07629726562500001,0.7,0.1,976.6050000000001,683.6235,320.0,363.62350000000004,1.1363234375000002,28.408085937500005,0.21363234375000004
uplift_tree,0.3,True,0.3,0.11745468750000003,0.3,0.02,1503.4200000000003,451.02600000000007,76.8,374.22600000000006,4.872734375000001,29.23640625,0.11745468750000002
uplift_tree,0.3,True,0.3,0.11745468750000003,0.3,0.05,1503.4200000000003,451.02600000000007,192.0,259.02600000000007,1.3490937500000004,20.236406250000005,0.11745468750000002
uplift_tree,0.3,True,0.3,0.11745468750000003,0.3,0.1,1503.4200000000003,451.02600000000007,384.0,67.02600000000007,0.17454687500000018,5.236406250000005,0.11745468750000002
uplift_tree,0.3,True,0.3,0.11745468750000003,0.5,0.02,1503.4200000000003,751.7100000000002,76.8,674.9100000000002,8.787890625000003,52.72734375000002,0.19575781250000004
uplift_tree,0.3,True,0.3,0.11745468750000003,0.5,0.05,1503.4200000000003,751.7100000000002,192.0,559.7100000000002,2.915156250000001,43.72734375000001,0.19575781250000004
uplift_tree,0.3,True,0.3,0.11745468750000003,0.5,0.1,1503.4200000000003,751.7100000000002,384.0,367.71000000000015,0.9575781250000004,28.727343750000014,0.19575781250000004
uplift_tree,0.3,True,0.3,0.11745468750000003,0.7,0.02,1503.4200000000003,1052.3940000000002,76.8,975.5940000000003,12.703046875000004,76.21828125000002,0.27406093750000005
uplift_tree,0.3,True,0.3,0.11745468750000003,0.7,0.05,1503.4200000000003,1052.3940000000002,192.0,860.3940000000002,4.481218750000001,67.21828125000002,0.27406093750000005
uplift_tree,0.3,True,0.3,0.11745468750000003,0.7,0.1,1503.4200000000003,1052.3940000000002,384.0,668.3940000000002,1.7406093750000007,52.21828125000002,0.27406093750000005
uplift_tree,0.35,True,0.35,0.15751640625,0.3,0.02,2016.2099999999998,604.8629999999999,89.6,515.2629999999999,5.750703124999999,40.254921874999994,0.1350140625
uplift_tree,0.35,True,0.35,0.15751640625,0.3,0.05,2016.2099999999998,604.8629999999999,223.99999999999997,380.86299999999994,1.70028125,29.754921874999997,0.1350140625
uplift_tree,0.35,True,0.35,0.15751640625,0.3,0.1,2016.2099999999998,604.8629999999999,447.99999999999994,156.863,0.35014062500000004,12.254921874999999,0.1350140625
uplift_tree,0.35,True,0.35,0.15751640625,0.5,0.02,2016.2099999999998,1008.1049999999999,89.6,918.5049999999999,10.251171874999999,71.758203125,0.2250234375
uplift_tree,0.35,True,0.35,0.15751640625,0.5,0.05,2016.2099999999998,1008.1049999999999,223.99999999999997,784.1049999999999,3.50046875,61.258203124999994,0.2250234375
uplift_tree,0.35,True,0.35,0.15751640625,0.5,0.1,2016.2099999999998,1008.1049999999999,447.99999999999994,560.105,1.2502343750000002,43.758203125,0.2250234375
uplift_tree,0.35,True,0.35,0.15751640625,0.7,0.02,2016.2099999999998,1411.3469999999998,89.6,1321.7469999999998,14.751640624999999,103.261484375,0.3150328125
uplift_tree,0.35,True,0.35,0.15751640625,0.7,0.05,2016.2099999999998,1411.3469999999998,223.99999999999997,1187.3469999999998,5.300656249999999,92.76148437499998,0.3150328125
uplift_tree,0.35,True,0.35,0.15751640625,0.7,0.1,2016.2099999999998,1411.3469999999998,447.99999999999994,963.3469999999998,2.1503281249999997,75.26148437499998,0.3150328125
uplift_tree,0.4,True,0.4,0.18131835937500004,0.3,0.02,2320.8750000000005,696.2625000000002,102.4,593.8625000000002,5.799438476562502,46.395507812500014,0.13598876953125003
uplift_tree,0.4,True,0.4,0.18131835937500004,0.3,0.05,2320.8750000000005,696.2625000000002,256.00000000000006,440.2625000000001,1.719775390625,34.39550781250001,0.13598876953125003
uplift_tree,0.4,True,0.4,0.18131835937500004,0.3,0.1,2320.8750000000005,696.2625000000002,512.0000000000001,184.26250000000005,0.35988769531250003,14.395507812500004,0.13598876953125003
uplift_tree,0.4,True,0.4,0.18131835937500004,0.5,0.02,2320.8750000000005,1160.4375000000002,102.4,1058.0375000000001,10.3323974609375,82.65917968750001,0.22664794921875003
uplift_tree,0.4,True,0.4,0.18131835937500004,0.5,0.05,2320.8750000000005,1160.4375000000002,256.00000000000006,904.4375000000002,3.532958984375,70.65917968750001,0.22664794921875003
uplift_tree,0.4,True,0.4,0.18131835937500004,0.5,0.1,2320.8750000000005,1160.4375000000002,512.0000000000001,648.4375000000001,1.2664794921875,50.65917968750001,0.22664794921875003
uplift_tree,0.4,True,0.4,0.18131835937500004,0.7,0.02,2320.8750000000005,1624.6125000000002,102.4,1522.2125,14.8653564453125,118.9228515625,0.31730712890625
uplift_tree,0.4,True,0.4,0.18131835937500004,0.7,0.05,2320.8750000000005,1624.6125000000002,256.00000000000006,1368.6125000000002,5.346142578125,106.92285156250001,0.31730712890625
uplift_tree,0.4,True,0.4,0.18131835937500004,0.7,0.1,2320.8750000000005,1624.6125000000002,512.0000000000001,1112.6125000000002,2.1730712890625,86.92285156250001,0.31730712890625
uplift_tree,0.45,True,0.45,0.24408046875000003,0.3,0.02,3124.2300000000005,937.2690000000001,115.20000000000002,822.0690000000001,7.136015625,64.224140625,0.1627203125
uplift_tree,0.45,True,0.45,0.24408046875000003,0.3,0.05,3124.2300000000005,937.2690000000001,288.00000000000006,649.269,2.2544062499999997,50.724140625,0.1627203125
uplift_tree,0.45,True,0.45,0.24408046875000003,0.3,0.1,3124.2300000000005,937.2690000000001,576.0000000000001,361.269,0.6272031249999999,28.224140625,0.1627203125
uplift_tree,0.45,True,0.45,0.24408046875000003,0.5,0.02,3124.2300000000005,1562.1150000000002,115.20000000000002,1446.9150000000002,12.560026041666667,113.04023437500003,0.27120052083333335
uplift_tree,0.45,True,0.45,0.24408046875000003,0.5,0.05,3124.2300000000005,1562.1150000000002,288.00000000000006,1274.1150000000002,4.4240104166666665,99.54023437500003,0.27120052083333335
uplift_tree,0.45,True,0.45,0.24408046875000003,0.5,0.1,3124.2300000000005,1562.1150000000002,576.0000000000001,986.1150000000001,1.7120052083333333,77.04023437500001,0.27120052083333335
uplift_tree,0.45,True,0.45,0.24408046875000003,0.7,0.02,3124.2300000000005,2186.9610000000002,115.20000000000002,2071.7610000000004,17.984036458333335,161.85632812500003,0.3796807291666667
uplift_tree,0.45,True,0.45,0.24408046875000003,0.7,0.05,3124.2300000000005,2186.9610000000002,288.00000000000006,1898.9610000000002,6.593614583333333,148.35632812500003,0.3796807291666667
uplift_tree,0.45,True,0.45,0.24408046875000003,0.7,0.1,3124.2300000000005,2186.9610000000002,576.0000000000001,1610.9610000000002,2.7968072916666666,125.85632812500003,0.3796807291666667
uplift_tree,0.5,True,0.5,0.32506875,0.3,0.02,4160.88,1248.264,128.0,1120.264,8.7520625,87.520625,0.19504125
uplift_tree,0.5,True,0.5,0.32506875,0.3,0.05,4160.88,1248.264,320.0,928.2639999999999,2.9008249999999998,72.520625,0.19504125
uplift_tree,0.5,True,0.5,0.32506875,0.3,0.1,4160.88,1248.264,640.0,608.2639999999999,0.9504124999999999,47.52062499999999,0.19504125
uplift_tree,0.5,True,0.5,0.32506875,0.5,0.02,4160.88,2080.44,128.0,1952.44,15.2534375,152.534375,0.32506875
uplift_tree,0.5,True,0.5,0.32506875,0.5,0.05,4160.88,2080.44,320.0,1760.44,5.501375,137.534375,0.32506875
uplift_tree,0.5,True,0.5,0.32506875,0.5,0.1,4160.88,2080.44,640.0,1440.44,2.2506875,112.53437500000001,0.32506875
uplift_tree,0.5,True,0.5,0.32506875,0.7,0.02,4160.88,2912.616,128.0,2784.616,21.7548125,217.548125,0.45509625
uplift_tree,0.5,True,0.5,0.32506875,0.7,0.05,4160.88,2912.616,320.0,2592.616,8.101925,202.548125,0.45509625
uplift_tree,0.5,True,0.5,0.32506875,0.7,0.1,4160.88,2912.616,640.0,2272.616,3.5509625,177.548125,0.45509625
uplift_tree,0.55,True,0.55,0.47658984375,0.3,0.02,6100.35,1830.105,140.8,1689.305,11.997904829545455,131.97695312500002,0.25995809659090907
uplift_tree,0.55,True,0.55,0.47658984375,0.3,0.05,6100.35,1830.105,352.00000000000006,1478.105,4.199161931818181,115.47695312500001,0.25995809659090907
uplift_tree,0.55,True,0.55,0.47658984375,0.3,0.1,6100.35,1830.105,704.0000000000001,1126.105,1.5995809659090907,87.97695312500001,0.25995809659090907
uplift_tree,0.55,True,0.55,0.47658984375,0.5,0.02,6100.35,3050.175,140.8,2909.375,20.66317471590909,227.294921875,0.4332634943181818
uplift_tree,0.55,True,0.55,0.47658984375,0.5,0.05,6100.35,3050.175,352.00000000000006,2698.175,7.665269886363635,210.794921875,0.4332634943181818
uplift_tree,0.55,True,0.55,0.47658984375,0.5,0.1,6100.35,3050.175,704.0000000000001,2346.175,3.332634943181818,183.29492187500003,0.4332634943181818
uplift_tree,0.55,True,0.55,0.47658984375,0.7,0.02,6100.35,4270.245,140.8,4129.445,29.32844460227272,322.612890625,0.6065688920454545
uplift_tree,0.55,True,0.55,0.47658984375,0.7,0.05,6100.35,4270.245,352.00000000000006,3918.245,11.131377840909089,306.112890625,0.6065688920454545
uplift_tree,0.55,True,0.55,0.47658984375,0.7,0.1,6100.35,4270.245,704.0000000000001,3566.245,5.065688920454544,278.612890625,0.6065688920454545
uplift_tree,0.6,True,0.6,0.49017187500000003,0.3,0.02,6274.200000000001,1882.2600000000002,153.6,1728.6600000000003,11.254296875000003,135.05156250000002,0.24508593750000002
uplift_tree,0.6,True,0.6,0.49017187500000003,0.3,0.05,6274.200000000001,1882.2600000000002,384.0,1498.2600000000002,3.9017187500000006,117.05156250000002,0.24508593750000002
uplift_tree,0.6,True,0.6,0.49017187500000003,0.3,0.1,6274.200000000001,1882.2600000000002,768.0,1114.2600000000002,1.4508593750000003,87.05156250000002,0.24508593750000002
uplift_tree,0.6,True,0.6,0.49017187500000003,0.5,0.02,6274.200000000001,3137.1000000000004,153.6,2983.5000000000005,19.423828125000004,233.08593750000003,0.40847656250000003
uplift_tree,0.6,True,0.6,0.49017187500000003,0.5,0.05,6274.200000000001,3137.1000000000004,384.0,2753.1000000000004,7.169531250000001,215.08593750000003,0.40847656250000003
uplift_tree,0.6,True,0.6,0.49017187500000003,0.5,0.1,6274.200000000001,3137.1000000000004,768.0,2369.1000000000004,3.0847656250000006,185.08593750000003,0.40847656250000003
uplift_tree,0.6,True,0.6,0.49017187500000003,0.7,0.02,6274.200000000001,4391.9400000000005,153.6,4238.34,27.593359375000002,331.1203125,0.5718671875000001
uplift_tree,0.6,True,0.6,0.49017187500000003,0.7,0.05,6274.200000000001,4391.9400000000005,384.0,4007.9400000000005,10.437343750000002,313.12031250000007,0.5718671875000001
uplift_tree,0.6,True,0.6,0.49017187500000003,0.7,0.1,6274.200000000001,4391.9400000000005,768.0,3623.9400000000005,4.718671875000001,283.1203125,0.5718671875000001
uplift_tree,0.65,True,0.65,0.5250363281250001,0.3,0.02,6720.465000000002,2016.1395000000005,166.4,1849.7395000000004,11.116222956730772,144.51089843750003,0.2423244591346154
uplift_tree,0.65,True,0.65,0.5250363281250001,0.3,0.05,6720.465000000002,2016.1395000000005,416.0,1600.1395000000005,3.846489182692309,125.01089843750005,0.2423244591346154
uplift_tree,0.65,True,0.65,0.5250363281250001,0.3,0.1,6720.465000000002,2016.1395000000005,832.0,1184.1395000000005,1.4232445913461544,92.51089843750003,0.2423244591346154
uplift_tree,0.65,True,0.65,0.5250363281250001,0.5,0.02,6720.465000000002,3360.232500000001,166.4,3193.832500000001,19.19370492788462,249.51816406250006,0.4038740985576924
uplift_tree,0.65,True,0.65,0.5250363281250001,0.5,0.05,6720.465000000002,3360.232500000001,416.0,2944.232500000001,7.077481971153849,230.0181640625001,0.4038740985576924
uplift_tree,0.65,True,0.65,0.5250363281250001,0.5,0.1,6720.465000000002,3360.232500000001,832.0,2528.232500000001,3.0387409855769243,197.5181640625001,0.4038740985576924
uplift_tree,0.65,True,0.65,0.5250363281250001,0.7,0.02,6720.465000000002,4704.325500000001,166.4,4537.925500000001,27.27118689903847,354.5254296875001,0.5654237379807693
uplift_tree,0.65,True,0.65,0.5250363281250001,0.7,0.05,6720.465000000002,4704.325500000001,416.0,4288.325500000001,10.308474759615386,335.02542968750004,0.5654237379807693
uplift_tree,0.65,True,0.65,0.5250363281250001,0.7,0.1,6720.465000000002,4704.325500000001,832.0,3872.325500000001,4.654237379807693,302.5254296875001,0.5654237379807693
uplift_tree,0.7,True,0.7,0.5709152343750001,0.3,0.02,7307.715000000002,2192.3145000000004,179.2,2013.1145000000004,11.233897879464289,157.27457031250003,0.2446779575892858
uplift_tree,0.7,True,0.7,0.5709152343750001,0.3,0.05,7307.715000000002,2192.3145000000004,447.99999999999994,1744.3145000000004,3.8935591517857158,136.27457031250003,0.2446779575892858
uplift_tree,0.7,True,0.7,0.5709152343750001,0.3,0.1,7307.715000000002,2192.3145000000004,895.9999999999999,1296.3145000000004,1.4467795758928579,101.27457031250003,0.2446779575892858
uplift_tree,0.7,True,0.7,0.5709152343750001,0.5,0.02,7307.715000000002,3653.857500000001,179.2,3474.657500000001,19.38982979910715,271.4576171875001,0.40779659598214296
uplift_tree,0.7,True,0.7,0.5709152343750001,0.5,0.05,7307.715000000002,3653.857500000001,447.99999999999994,3205.857500000001,7.15593191964286,250.4576171875001,0.40779659598214296
uplift_tree,0.7,True,0.7,0.5709152343750001,0.5,0.1,7307.715000000002,3653.857500000001,895.9999999999999,2757.857500000001,3.07796595982143,215.4576171875001,0.40779659598214296
uplift_tree,0.7,True,0.7,0.5709152343750001,0.7,0.02,7307.715000000002,5115.400500000001,179.2,4936.200500000001,27.545761718750008,385.6406640625001,0.5709152343750001
uplift_tree,0.7,True,0.7,0.5709152343750001,0.7,0.05,7307.715000000002,5115.400500000001,447.99999999999994,4667.400500000001,10.418304687500003,364.64066406250004,0.5709152343750001
uplift_tree,0.7,True,0.7,0.5709152343750001,0.7,0.1,7307.715000000002,5115.400500000001,895.9999999999999,4219.400500000001,4.709152343750001,329.64066406250004,0.5709152343750001
uplift_tree,0.75,True,0.75,0.6608906250000001,0.3,0.02,8459.400000000001,2537.82,192.0,2345.82,12.2178125,183.2671875,0.26435625
uplift_tree,0.75,True,0.75,0.6608906250000001,0.3,0.05,8459.400000000001,2537.82,480.00000000000006,2057.82,4.287125,160.7671875,0.26435625
uplift_tree,0.75,True,0.75,0.6608906250000001,0.3,0.1,8459.400000000001,2537.82,960.0000000000001,1577.8200000000002,1.6435625,123.26718750000002,0.26435625
uplift_tree,0.75,True,0.75,0.6608906250000001,0.5,0.02,8459.400000000001,4229.700000000001,192.0,4037.7000000000007,21.029687500000005,315.44531250000006,0.44059375000000006
uplift_tree,0.75,True,0.75,0.6608906250000001,0.5,0.05,8459.400000000001,4229.700000000001,480.00000000000006,3749.7000000000007,7.811875000000001,292.94531250000006,0.44059375000000006
uplift_tree,0.75,True,0.75,0.6608906250000001,0.5,0.1,8459.400000000001,4229.700000000001,960.0000000000001,3269.7000000000007,3.4059375000000003,255.44531250000009,0.44059375000000006
uplift_tree,0.75,True,0.75,0.6608906250000001,0.7,0.02,8459.400000000001,5921.580000000001,192.0,5729.580000000001,29.841562500000006,447.6234375000001,0.61683125
uplift_tree,0.75,True,0.75,0.6608906250000001,0.7,0.05,8459.400000000001,5921.580000000001,480.00000000000006,5441.580000000001,11.336625,425.1234375000001,0.61683125
uplift_tree,0.75,True,0.75,0.6608906250000001,0.7,0.1,8459.400000000001,5921.580000000001,960.0000000000001,4961.580000000001,5.1683125,387.6234375000001,0.61683125
uplift_tree,0.8,True,0.8,0.6952957031250002,0.3,0.02,8899.785000000003,2669.935500000001,204.8,2465.135500000001,12.036794433593753,192.58871093750008,0.2607358886718751
uplift_tree,0.8,True,0.8,0.6952957031250002,0.3,0.05,8899.785000000003,2669.935500000001,512.0000000000001,2157.935500000001,4.214717773437501,168.58871093750008,0.2607358886718751
uplift_tree,0.8,True,0.8,0.6952957031250002,0.3,0.1,8899.785000000003,2669.935500000001,1024.0000000000002,1645.9355000000007,1.6073588867187503,128.58871093750005,0.2607358886718751
uplift_tree,0.8,True,0.8,0.6952957031250002,0.5,0.02,8899.785000000003,4449.892500000002,204.8,4245.092500000002,20.727990722656255,331.6478515625001,0.43455981445312514
uplift_tree,0.8,True,0.8,0.6952957031250002,0.5,0.05,8899.785000000003,4449.892500000002,512.0000000000001,3937.8925000000017,7.691196289062502,307.64785156250014,0.43455981445312514
uplift_tree,0.8,True,0.8,0.6952957031250002,0.5,0.1,8899.785000000003,4449.892500000002,1024.0000000000002,3425.8925000000017,3.345598144531251,267.64785156250014,0.43455981445312514
uplift_tree,0.8,True,0.8,0.6952957031250002,0.7,0.02,8899.785000000003,6229.849500000002,204.8,6025.049500000002,29.41918701171876,470.7069921875002,0.6083837402343751
uplift_tree,0.8,True,0.8,0.6952957031250002,0.7,0.05,8899.785000000003,6229.849500000002,512.0000000000001,5717.849500000002,11.167674804687502,446.70699218750013,0.6083837402343751
uplift_tree,0.8,True,0.8,0.6952957031250002,0.7,0.1,8899.785000000003,6229.849500000002,1024.0000000000002,5205.849500000002,5.083837402343751,406.7069921875002,0.6083837402343751
uplift_tree,0.85,True,0.85,0.6099082031250002,0.3,0.02,7806.825000000002,2342.0475000000006,217.60000000000002,2124.4475000000007,9.763085937500001,165.97246093750007,0.21526171875000008
uplift_tree,0.85,True,0.85,0.6099082031250002,0.3,0.05,7806.825000000002,2342.0475000000006,544.0,1798.0475000000006,3.3052343750000013,140.47246093750005,0.21526171875000008
uplift_tree,0.85,True,0.85,0.6099082031250002,0.3,0.1,7806.825000000002,2342.0475000000006,1088.0,1254.0475000000006,1.1526171875000006,97.97246093750005,0.21526171875000008
uplift_tree,0.85,True,0.85,0.6099082031250002,0.5,0.02,7806.825000000002,3903.412500000001,217.60000000000002,3685.812500000001,16.938476562500004,287.95410156250006,0.3587695312500001
uplift_tree,0.85,True,0.85,0.6099082031250002,0.5,0.05,7806.825000000002,3903.412500000001,544.0,3359.412500000001,6.175390625000001,262.45410156250006,0.3587695312500001
uplift_tree,0.85,True,0.85,0.6099082031250002,0.5,0.1,7806.825000000002,3903.412500000001,1088.0,2815.412500000001,2.5876953125000006,219.95410156250006,0.3587695312500001
uplift_tree,0.85,True,0.85,0.6099082031250002,0.7,0.02,7806.825000000002,5464.777500000001,217.60000000000002,5247.177500000001,24.113867187500002,409.93574218750007,0.5022773437500001
uplift_tree,0.85,True,0.85,0.6099082031250002,0.7,0.05,7806.825000000002,5464.777500000001,544.0,4920.777500000001,9.045546875000001,384.43574218750007,0.5022773437500001
uplift_tree,0.85,True,0.85,0.6099082031250002,0.7,0.1,7806.825000000002,5464.777500000001,1088.0,4376.777500000001,4.022773437500001,341.93574218750007,0.5022773437500001
uplift_tree,0.9,True,0.9,0.6683847656250002,0.3,0.02,8555.325000000003,2566.5975000000008,230.40000000000003,2336.1975000000007,10.139746093750002,182.51542968750007,0.22279492187500005
uplift_tree,0.9,True,0.9,0.6683847656250002,0.3,0.05,8555.325000000003,2566.5975000000008,576.0000000000001,1990.5975000000008,3.4558984375000006,155.51542968750007,0.22279492187500005
uplift_tree,0.9,True,0.9,0.6683847656250002,0.3,0.1,8555.325000000003,2566.5975000000008,1152.0000000000002,1414.5975000000005,1.2279492187500003,110.51542968750005,0.22279492187500005
uplift_tree,0.9,True,0.9,0.6683847656250002,0.5,0.02,8555.325000000003,4277.662500000001,230.40000000000003,4047.262500000001,17.566243489583336,316.1923828125001,0.37132486979166673
uplift_tree,0.9,True,0.9,0.6683847656250002,0.5,0.05,8555.325000000003,4277.662500000001,576.0000000000001,3701.6625000000013,6.4264973958333345,289.1923828125001,0.37132486979166673
uplift_tree,0.9,True,0.9,0.6683847656250002,0.5,0.1,8555.325000000003,4277.662500000001,1152.0000000000002,3125.6625000000013,2.7132486979166672,244.1923828125001,0.37132486979166673
uplift_tree,0.9,True,0.9,0.6683847656250002,0.7,0.02,8555.325000000003,5988.727500000002,230.40000000000003,5758.327500000002,24.992740885416673,449.8693359375002,0.5198548177083334
uplift_tree,0.9,True,0.9,0.6683847656250002,0.7,0.05,8555.325000000003,5988.727500000002,576.0000000000001,5412.727500000002,9.397096354166669,422.8693359375001,0.5198548177083334
uplift_tree,0.9,True,0.9,0.6683847656250002,0.7,0.1,8555.325000000003,5988.727500000002,1152.0000000000002,4836.727500000002,4.198548177083334,377.8693359375002,0.5198548177083334
uplift_tree,0.95,True,0.95,0.7119773437500001,0.3,0.02,9113.310000000001,2733.9930000000004,243.2,2490.7930000000006,10.24174753289474,194.59320312500006,0.22483495065789477
uplift_tree,0.95,True,0.95,0.7119773437500001,0.3,0.05,9113.310000000001,2733.9930000000004,608.0,2125.9930000000004,3.496699013157895,166.09320312500003,0.22483495065789477
uplift_tree,0.95,True,0.95,0.7119773437500001,0.3,0.1,9113.310000000001,2733.9930000000004,1216.0,1517.9930000000004,1.2483495065789476,118.59320312500003,0.22483495065789477
uplift_tree,0.95,True,0.95,0.7119773437500001,0.5,0.02,9113.310000000001,4556.655000000001,243.2,4313.455000000001,17.7362458881579,336.9886718750001,0.37472491776315797
uplift_tree,0.95,True,0.95,0.7119773437500001,0.5,0.05,9113.310000000001,4556.655000000001,608.0,3948.6550000000007,6.4944983552631586,308.4886718750001,0.37472491776315797
uplift_tree,0.95,True,0.95,0.7119773437500001,0.5,0.1,9113.310000000001,4556.655000000001,1216.0,3340.6550000000007,2.7472491776315793,260.9886718750001,0.37472491776315797
uplift_tree,0.95,True,0.95,0.7119773437500001,0.7,0.02,9113.310000000001,6379.317000000001,243.2,6136.117000000001,25.230744243421057,479.38414062500004,0.5246148848684211
uplift_tree,0.95,True,0.95,0.7119773437500001,0.7,0.05,9113.310000000001,6379.317000000001,608.0,5771.317000000001,9.492297697368423,450.8841406250001,0.5246148848684211
uplift_tree,0.95,True,0.95,0.7119773437500001,0.7,0.1,9113.310000000001,6379.317000000001,1216.0,5163.317000000001,4.246148848684212,403.38414062500004,0.5246148848684211
uplift_tree,1.0,True,1.0,0.6710414062500001,0.3,0.02,8589.330000000002,2576.7990000000004,256.0,2320.7990000000004,9.065621093750002,181.31242187500004,0.201312421875
uplift_tree,1.0,True,1.0,0.6710414062500001,0.3,0.05,8589.330000000002,2576.7990000000004,640.0,1936.7990000000004,3.0262484375000005,151.31242187500004,0.201312421875
uplift_tree,1.0,True,1.0,0.6710414062500001,0.3,0.1,8589.330000000002,2576.7990000000004,1280.0,1296.7990000000004,1.0131242187500002,101.31242187500003,0.201312421875
uplift_tree,1.0,True,1.0,0.6710414062500001,0.5,0.02,8589.330000000002,4294.665000000001,256.0,4038.665000000001,15.776035156250003,315.52070312500007,0.33552070312500004
uplift_tree,1.0,True,1.0,0.6710414062500001,0.5,0.05,8589.330000000002,4294.665000000001,640.0,3654.665000000001,5.710414062500002,285.52070312500007,0.33552070312500004
uplift_tree,1.0,True,1.0,0.6710414062500001,0.5,0.1,8589.330000000002,4294.665000000001,1280.0,3014.665000000001,2.355207031250001,235.52070312500007,0.33552070312500004
uplift_tree,1.0,True,1.0,0.6710414062500001,0.7,0.02,8589.330000000002,6012.531000000001,256.0,5756.531000000001,22.486449218750003,449.7289843750001,0.46972898437500005
uplift_tree,1.0,True,1.0,0.6710414062500001,0.7,0.05,8589.330000000002,6012.531000000001,640.0,5372.531000000001,8.394579687500002,419.72898437500004,0.46972898437500005
uplift_tree,1.0,True,1.0,0.6710414062500001,0.7,0.1,8589.330000000002,6012.531000000001,1280.0,4732.531000000001,3.6972898437500006,369.7289843750001,0.46972898437500005
x_tree,0.05,True,0.05,0.11588437500000001,0.3,0.02,1483.3200000000002,444.99600000000004,12.8,432.196,33.7653125,33.76531250000001,0.6953062499999999
x_tree,0.05,True,0.05,0.11588437500000001,0.3,0.05,1483.3200000000002,444.99600000000004,32.00000000000001,412.99600000000004,12.906124999999998,32.26531250000001,0.6953062499999999
x_tree,0.05,True,0.05,0.11588437500000001,0.3,0.1,1483.3200000000002,444.99600000000004,64.00000000000001,380.99600000000004,5.9530625,29.7653125,0.6953062499999999
x_tree,0.05,True,0.05,0.11588437500000001,0.5,0.02,1483.3200000000002,741.6600000000001,12.8,728.8600000000001,56.94218750000001,56.94218750000001,1.15884375
x_tree,0.05,True,0.05,0.11588437500000001,0.5,0.05,1483.3200000000002,741.6600000000001,32.00000000000001,709.6600000000001,22.176875,55.4421875,1.15884375
x_tree,0.05,True,0.05,0.11588437500000001,0.5,0.1,1483.3200000000002,741.6600000000001,64.00000000000001,677.6600000000001,10.5884375,52.94218750000001,1.15884375
x_tree,0.05,True,0.05,0.11588437500000001,0.7,0.02,1483.3200000000002,1038.324,12.8,1025.5240000000001,80.1190625,80.1190625,1.62238125
x_tree,0.05,True,0.05,0.11588437500000001,0.7,0.05,1483.3200000000002,1038.324,32.00000000000001,1006.3240000000001,31.447624999999995,78.6190625,1.62238125
x_tree,0.05,True,0.05,0.11588437500000001,0.7,0.1,1483.3200000000002,1038.324,64.00000000000001,974.3240000000001,15.223812499999998,76.1190625,1.62238125
x_tree,0.1,True,0.1,0.151941796875,0.3,0.02,1944.855,583.4565,25.6,557.8565,21.79126953125,43.582539062500004,0.455825390625
x_tree,0.1,True,0.1,0.151941796875,0.3,0.05,1944.855,583.4565,64.00000000000001,519.4565,8.116507812499998,40.5825390625,0.455825390625
x_tree,0.1,True,0.1,0.151941796875,0.3,0.1,1944.855,583.4565,128.00000000000003,455.4565,3.558253906249999,35.582539062500004,0.455825390625
x_tree,0.1,True,0.1,0.151941796875,0.5,0.02,1944.855,972.4275,25.6,946.8275,36.98544921875,73.9708984375,0.759708984375
x_tree,0.1,True,0.1,0.151941796875,0.5,0.05,1944.855,972.4275,64.00000000000001,908.4275,14.194179687499997,70.9708984375,0.759708984375
x_tree,0.1,True,0.1,0.151941796875,0.5,0.1,1944.855,972.4275,128.00000000000003,844.4275,6.597089843749998,65.9708984375,0.759708984375
x_tree,0.1,True,0.1,0.151941796875,0.7,0.02,1944.855,1361.3985,25.6,1335.7985,52.17962890625,104.3592578125,1.063592578125
x_tree,0.1,True,0.1,0.151941796875,0.7,0.05,1944.855,1361.3985,64.00000000000001,1297.3985,20.271851562499997,101.3592578125,1.063592578125
x_tree,0.1,True,0.1,0.151941796875,0.7,0.1,1944.855,1361.3985,128.00000000000003,1233.3985,9.635925781249998,96.3592578125,1.063592578125
x_tree,0.15,True,0.15,0.11097421875000002,0.3,0.02,1420.4700000000003,426.1410000000001,38.4,387.7410000000001,10.097421875000004,30.29226562500001,0.22194843750000004
x_tree,0.15,True,0.15,0.11097421875000002,0.3,0.05,1420.4700000000003,426.1410000000001,96.0,330.1410000000001,3.438968750000001,25.792265625000006,0.22194843750000004
x_tree,0.15,True,0.15,0.11097421875000002,0.3,0.1,1420.4700000000003,426.1410000000001,192.0,234.14100000000008,1.2194843750000004,18.292265625000006,0.22194843750000004
x_tree,0.15,True,0.15,0.11097421875000002,0.5,0.02,1420.4700000000003,710.2350000000001,38.4,671.8350000000002,17.495703125000006,52.48710937500002,0.3699140625000001
x_tree,0.15,True,0.15,0.11097421875000002,0.5,0.05,1420.4700000000003,710.2350000000001,96.0,614.2350000000001,6.398281250000001,47.98710937500001,0.3699140625000001
x_tree,0.15,True,0.15,0.11097421875000002,0.5,0.1,1420.4700000000003,710.2350000000001,192.0,518.2350000000001,2.6991406250000005,40.48710937500001,0.3699140625000001
x_tree,0.15,True,0.15,0.11097421875000002,0.7,0.02,1420.4700000000003,994.3290000000001,38.4,955.9290000000001,24.893984375000002,74.681953125,0.5178796875000001
x_tree,0.15,True,0.15,0.11097421875000002,0.7,0.05,1420.4700000000003,994.3290000000001,96.0,898.3290000000001,9.357593750000001,70.181953125,0.5178796875000001
x_tree,0.15,True,0.15,0.11097421875000002,0.7,0.1,1420.4700000000003,994.3290000000001,192.0,802.3290000000001,4.178796875000001,62.68195312500001,0.5178796875000001
x_tree,0.2,True,0.2,0.20574960937500003,0.3,0.02,2633.5950000000003,790.0785000000001,51.2,738.8785,14.431220703125,57.724882812500006,0.3086244140625
x_tree,0.2,True,0.2,0.20574960937500003,0.3,0.05,2633.5950000000003,790.0785000000001,128.00000000000003,662.0785000000001,5.17248828125,51.724882812500006,0.3086244140625
x_tree,0.2,True,0.2,0.20574960937500003,0.3,0.1,2633.5950000000003,790.0785000000001,256.00000000000006,534.0785000000001,2.086244140625,41.724882812500006,0.3086244140625
x_tree,0.2,True,0.2,0.20574960937500003,0.5,0.02,2633.5950000000003,1316.7975000000001,51.2,1265.5975,24.718701171875,98.87480468750002,0.5143740234375
x_tree,0.2,True,0.2,0.20574960937500003,0.5,0.05,2633.5950000000003,1316.7975000000001,128.00000000000003,1188.7975000000001,9.28748046875,92.8748046875,0.5143740234375
x_tree,0.2,True,0.2,0.20574960937500003,0.5,0.1,2633.5950000000003,1316.7975000000001,256.00000000000006,1060.7975000000001,4.143740234375,82.87480468750002,0.5143740234375
x_tree,0.2,True,0.2,0.20574960937500003,0.7,0.02,2633.5950000000003,1843.5165,51.2,1792.3165,35.006181640624995,140.02472656249998,0.7201236328125
x_tree,0.2,True,0.2,0.20574960937500003,0.7,0.05,2633.5950000000003,1843.5165,128.00000000000003,1715.5165,13.402472656249996,134.0247265625,0.7201236328125
x_tree,0.2,True,0.2,0.20574960937500003,0.7,0.1,2633.5950000000003,1843.5165,256.00000000000006,1587.5165,6.201236328124998,124.02472656249999,0.7201236328125
x_tree,0.25,True,0.25,0.2540671875,0.3,0.02,3252.0600000000004,975.618,64.0,911.618,14.24403125,71.22015625,0.304880625
x_tree,0.25,True,0.25,0.2540671875,0.3,0.05,3252.0600000000004,975.618,160.0,815.618,5.0976125,63.72015625000001,0.304880625
x_tree,0.25,True,0.25,0.2540671875,0.3,0.1,3252.0600000000004,975.618,320.0,655.618,2.04880625,51.22015625,0.304880625
x_tree,0.25,True,0.25,0.2540671875,0.5,0.02,3252.0600000000004,1626.0300000000002,64.0,1562.0300000000002,24.406718750000003,122.03359375000002,0.508134375
x_tree,0.25,True,0.25,0.2540671875,0.5,0.05,3252.0600000000004,1626.0300000000002,160.0,1466.0300000000002,9.1626875,114.53359375000001,0.508134375
x_tree,0.25,True,0.25,0.2540671875,0.5,0.1,3252.0600000000004,1626.0300000000002,320.0,1306.0300000000002,4.08134375,102.03359375000001,0.508134375
x_tree,0.25,True,0.25,0.2540671875,0.7,0.02,3252.0600000000004,2276.442,64.0,2212.442,34.56940625,172.84703125000001,0.711388125
x_tree,0.25,True,0.25,0.2540671875,0.7,0.05,3252.0600000000004,2276.442,160.0,2116.442,13.2277625,165.34703125,0.711388125
x_tree,0.25,True,0.25,0.2540671875,0.7,0.1,3252.0600000000004,2276.442,320.0,1956.442,6.11388125,152.84703125,0.711388125
x_tree,0.3,True,0.3,0.24844453125000002,0.3,0.02,3180.09,954.027,76.8,877.2270000000001,11.422226562500002,68.533359375,0.24844453125
x_tree,0.3,True,0.3,0.24844453125000002,0.3,0.05,3180.09,954.027,192.0,762.027,3.9688906250000002,59.533359375,0.24844453125
x_tree,0.3,True,0.3,0.24844453125000002,0.3,0.1,3180.09,954.027,384.0,570.027,1.4844453125000001,44.533359375,0.24844453125
x_tree,0.3,True,0.3,0.24844453125000002,0.5,0.02,3180.09,1590.045,76.8,1513.2450000000001,19.703710937500002,118.222265625,0.41407421875000006
x_tree,0.3,True,0.3,0.24844453125000002,0.5,0.05,3180.09,1590.045,192.0,1398.045,7.281484375000001,109.222265625,0.41407421875000006
x_tree,0.3,True,0.3,0.24844453125000002,0.5,0.1,3180.09,1590.045,384.0,1206.045,3.1407421875000003,94.222265625,0.41407421875000006
x_tree,0.3,True,0.3,0.24844453125000002,0.7,0.02,3180.09,2226.063,76.8,2149.263,27.9851953125,167.91117187499998,0.57970390625
x_tree,0.3,True,0.3,0.24844453125000002,0.7,0.05,3180.09,2226.063,192.0,2034.063,10.594078125000001,158.911171875,0.57970390625
x_tree,0.3,True,0.3,0.24844453125000002,0.7,0.1,3180.09,2226.063,384.0,1842.063,4.797039062500001,143.911171875,0.57970390625
x_tree,0.35,True,0.35,0.27007851562500007,0.3,0.02,3457.005000000001,1037.1015000000002,89.6,947.5015000000002,10.574793526785717,74.02355468750002,0.23149587053571433
x_tree,0.35,True,0.35,0.27007851562500007,0.3,0.05,3457.005000000001,1037.1015000000002,223.99999999999997,813.1015000000002,3.6299174107142873,63.52355468750001,0.23149587053571433
x_tree,0.35,True,0.35,0.27007851562500007,0.3,0.1,3457.005000000001,1037.1015000000002,447.99999999999994,589.1015000000002,1.3149587053571434,46.02355468750002,0.23149587053571433
x_tree,0.35,True,0.35,0.27007851562500007,0.5,0.02,3457.005000000001,1728.5025000000005,89.6,1638.9025000000006,18.291322544642863,128.03925781250007,0.3858264508928573
x_tree,0.35,True,0.35,0.27007851562500007,0.5,0.05,3457.005000000001,1728.5025000000005,223.99999999999997,1504.5025000000005,6.716529017857146,117.53925781250004,0.3858264508928573
x_tree,0.35,True,0.35,0.27007851562500007,0.5,0.1,3457.005000000001,1728.5025000000005,447.99999999999994,1280.5025000000005,2.8582645089285728,100.03925781250004,0.3858264508928573
x_tree,0.35,True,0.35,0.27007851562500007,0.7,0.02,3457.005000000001,2419.9035000000003,89.6,2330.3035000000004,26.007851562500008,182.05496093750003,0.5401570312500001
x_tree,0.35,True,0.35,0.27007851562500007,0.7,0.05,3457.005000000001,2419.9035000000003,223.99999999999997,2195.9035000000003,9.803140625000003,171.55496093750003,0.5401570312500001
x_tree,0.35,True,0.35,0.27007851562500007,0.7,0.1,3457.005000000001,2419.9035000000003,447.99999999999994,1971.9035000000003,4.401570312500001,154.05496093750003,0.5401570312500001
x_tree,0.4,True,0.4,0.2790281250000001,0.3,0.02,3571.5600000000018,1071.4680000000005,102.4,969.0680000000006,9.463554687500006,75.70843750000004,0.20927109375000008
x_tree,0.4,True,0.4,0.2790281250000001,0.3,0.05,3571.5600000000018,1071.4680000000005,256.00000000000006,815.4680000000005,3.185421875000001,63.708437500000045,0.20927109375000008
x_tree,0.4,True,0.4,0.2790281250000001,0.3,0.1,3571.5600000000018,1071.4680000000005,512.0000000000001,559.4680000000004,1.0927109375000006,43.70843750000003,0.20927109375000008
x_tree,0.4,True,0.4,0.2790281250000001,0.5,0.02,3571.5600000000018,1785.7800000000009,102.4,1683.3800000000008,16.439257812500006,131.51406250000005,0.3487851562500001
x_tree,0.4,True,0.4,0.2790281250000001,0.5,0.05,3571.5600000000018,1785.7800000000009,256.00000000000006,1529.7800000000009,5.975703125000003,119.51406250000008,0.3487851562500001
x_tree,0.4,True,0.4,0.2790281250000001,0.5,0.1,3571.5600000000018,1785.7800000000009,512.0000000000001,1273.7800000000007,2.487851562500001,99.51406250000005,0.3487851562500001
x_tree,0.4,True,0.4,0.2790281250000001,0.7,0.02,3571.5600000000018,2500.092000000001,102.4,2397.692000000001,23.41496093750001,187.31968750000007,0.4882992187500002
x_tree,0.4,True,0.4,0.2790281250000001,0.7,0.05,3571.5600000000018,2500.092000000001,256.00000000000006,2244.092000000001,8.765984375000002,175.31968750000007,0.4882992187500002
x_tree,0.4,True,0.4,0.2790281250000001,0.7,0.1,3571.5600000000018,2500.092000000001,512.0000000000001,1988.092000000001,3.882992187500001,155.31968750000007,0.4882992187500002
x_tree,0.45,True,0.45,0.30311250000000006,0.3,0.02,3879.8400000000006,1163.9520000000002,115.20000000000002,1048.7520000000002,9.10375,81.93375000000002,0.20207500000000003
x_tree,0.45,True,0.45,0.30311250000000006,0.3,0.05,3879.8400000000006,1163.9520000000002,288.00000000000006,875.9520000000002,3.0415,68.43375000000002,0.20207500000000003
x_tree,0.45,True,0.45,0.30311250000000006,0.3,0.1,3879.8400000000006,1163.9520000000002,576.0000000000001,587.9520000000001,1.02075,45.93375000000001,0.20207500000000003
x_tree,0.45,True,0.45,0.30311250000000006,0.5,0.02,3879.8400000000006,1939.9200000000003,115.20000000000002,1824.7200000000003,15.839583333333334,142.55625000000003,0.3367916666666667
x_tree,0.45,True,0.45,0.30311250000000006,0.5,0.05,3879.8400000000006,1939.9200000000003,288.00000000000006,1651.9200000000003,5.735833333333333,129.05625,0.3367916666666667
x_tree,0.45,True,0.45,0.30311250000000006,0.5,0.1,3879.8400000000006,1939.9200000000003,576.0000000000001,1363.92,2.3679166666666664,106.55625,0.3367916666666667
x_tree,0.45,True,0.45,0.30311250000000006,0.7,0.02,3879.8400000000006,2715.8880000000004,115.20000000000002,2600.6880000000006,22.57541666666667,203.17875000000004,0.47150833333333336
x_tree,0.45,True,0.45,0.30311250000000006,0.7,0.05,3879.8400000000006,2715.8880000000004,288.00000000000006,2427.8880000000004,8.430166666666667,189.67875000000004,0.47150833333333336
x_tree,0.45,True,0.45,0.30311250000000006,0.7,0.1,3879.8400000000006,2715.8880000000004,576.0000000000001,2139.8880000000004,3.7150833333333333,167.17875000000004,0.47150833333333336
x_tree,0.5,True,0.5,0.33414609375000004,0.3,0.02,4277.070000000001,1283.121,128.0,1155.121,9.0243828125,90.24382812500001,0.20048765625
x_tree,0.5,True,0.5,0.33414609375000004,0.3,0.05,4277.070000000001,1283.121,320.0,963.1210000000001,3.0097531250000005,75.24382812500001,0.20048765625
x_tree,0.5,True,0.5,0.33414609375000004,0.3,0.1,4277.070000000001,1283.121,640.0,643.1210000000001,1.0048765625000002,50.24382812500001,0.20048765625
x_tree,0.5,True,0.5,0.33414609375000004,0.5,0.02,4277.070000000001,2138.5350000000003,128.0,2010.5350000000003,15.707304687500002,157.07304687500002,0.33414609375000004
x_tree,0.5,True,0.5,0.33414609375000004,0.5,0.05,4277.070000000001,2138.5350000000003,320.0,1818.5350000000003,5.682921875000001,142.07304687500002,0.33414609375000004
x_tree,0.5,True,0.5,0.33414609375000004,0.5,0.1,4277.070000000001,2138.5350000000003,640.0,1498.5350000000003,2.3414609375000004,117.07304687500003,0.33414609375000004
x_tree,0.5,True,0.5,0.33414609375000004,0.7,0.02,4277.070000000001,2993.949,128.0,2865.949,22.3902265625,223.902265625,0.46780453125000004
x_tree,0.5,True,0.5,0.33414609375000004,0.7,0.05,4277.070000000001,2993.949,320.0,2673.949,8.356090625,208.902265625,0.46780453125000004
x_tree,0.5,True,0.5,0.33414609375000004,0.7,0.1,4277.070000000001,2993.949,640.0,2353.949,3.6780453125,183.902265625,0.46780453125000004
x_tree,0.55,True,0.55,0.19689843750000008,0.3,0.02,2520.300000000001,756.0900000000003,140.8,615.2900000000002,4.369957386363637,48.06953125000001,0.10739914772727276
x_tree,0.55,True,0.55,0.19689843750000008,0.3,0.05,2520.300000000001,756.0900000000003,352.00000000000006,404.0900000000002,1.147982954545455,31.56953125000002,0.10739914772727276
x_tree,0.55,True,0.55,0.19689843750000008,0.3,0.1,2520.300000000001,756.0900000000003,704.0000000000001,52.090000000000146,0.07399147727272747,4.069531250000011,0.10739914772727276
x_tree,0.55,True,0.55,0.19689843750000008,0.5,0.02,2520.300000000001,1260.1500000000005,140.8,1119.3500000000006,7.949928977272731,87.44921875000004,0.1789985795454546
x_tree,0.55,True,0.55,0.19689843750000008,0.5,0.05,2520.300000000001,1260.1500000000005,352.00000000000006,908.1500000000005,2.579971590909092,70.94921875000004,0.1789985795454546
x_tree,0.55,True,0.55,0.19689843750000008,0.5,0.1,2520.300000000001,1260.1500000000005,704.0000000000001,556.1500000000004,0.789985795454546,43.449218750000036,0.1789985795454546
x_tree,0.55,True,0.55,0.19689843750000008,0.7,0.02,2520.300000000001,1764.2100000000007,140.8,1623.4100000000008,11.529900568181823,126.82890625000007,0.2505980113636364
x_tree,0.55,True,0.55,0.19689843750000008,0.7,0.05,2520.300000000001,1764.2100000000007,352.00000000000006,1412.2100000000007,4.011960227272729,110.32890625000006,0.2505980113636364
x_tree,0.55,True,0.55,0.19689843750000008,0.7,0.1,2520.300000000001,1764.2100000000007,704.0000000000001,1060.2100000000005,1.5059801136363642,82.82890625000005,0.2505980113636364
x_tree,0.6,True,0.6,0.2390097656250001,0.3,0.02,3059.325000000001,917.7975000000004,153.6,764.1975000000003,4.975244140625002,59.702929687500024,0.11950488281250005
x_tree,0.6,True,0.6,0.2390097656250001,0.3,0.05,3059.325000000001,917.7975000000004,384.0,533.7975000000004,1.390097656250001,41.70292968750003,0.11950488281250005
x_tree,0.6,True,0.6,0.2390097656250001,0.3,0.1,3059.325000000001,917.7975000000004,768.0,149.79750000000035,0.19504882812500046,11.702929687500028,0.11950488281250005
x_tree,0.6,True,0.6,0.2390097656250001,0.5,0.02,3059.325000000001,1529.6625000000006,153.6,1376.0625000000007,8.958740234375005,107.50488281250004,0.1991748046875001
x_tree,0.6,True,0.6,0.2390097656250001,0.5,0.05,3059.325000000001,1529.6625000000006,384.0,1145.6625000000006,2.9834960937500017,89.50488281250004,0.1991748046875001
x_tree,0.6,True,0.6,0.2390097656250001,0.5,0.1,3059.325000000001,1529.6625000000006,768.0,761.6625000000006,0.9917480468750007,59.50488281250005,0.1991748046875001
x_tree,0.6,True,0.6,0.2390097656250001,0.7,0.02,3059.325000000001,2141.5275000000006,153.6,1987.9275000000007,12.942236328125006,155.30683593750007,0.27884472656250014
x_tree,0.6,True,0.6,0.2390097656250001,0.7,0.05,3059.325000000001,2141.5275000000006,384.0,1757.5275000000006,4.576894531250002,137.30683593750004,0.27884472656250014
x_tree,0.6,True,0.6,0.2390097656250001,0.7,0.1,3059.325000000001,2141.5275000000006,768.0,1373.5275000000006,1.7884472656250008,107.30683593750005,0.27884472656250014
x_tree,0.65,True,0.65,0.2912097656250001,0.3,0.02,3727.4850000000015,1118.2455000000004,166.4,951.8455000000005,5.720225360576926,74.36292968750004,0.13440450721153852
x_tree,0.65,True,0.65,0.2912097656250001,0.3,0.05,3727.4850000000015,1118.2455000000004,416.0,702.2455000000004,1.6880901442307703,54.862929687500035,0.13440450721153852
x_tree,0.65,True,0.65,0.2912097656250001,0.3,0.1,3727.4850000000015,1118.2455000000004,832.0,286.24550000000045,0.34404507211538515,22.362929687500035,0.13440450721153852
x_tree,0.65,True,0.65,0.2912097656250001,0.5,0.02,3727.4850000000015,1863.7425000000007,166.4,1697.3425000000007,10.200375600961541,132.60488281250005,0.22400751201923086
x_tree,0.65,True,0.65,0.2912097656250001,0.5,0.05,3727.4850000000015,1863.7425000000007,416.0,1447.7425000000007,3.480150240384617,113.10488281250005,0.22400751201923086
x_tree,0.65,True,0.65,0.2912097656250001,0.5,0.1,3727.4850000000015,1863.7425000000007,832.0,1031.7425000000007,1.2400751201923086,80.60488281250005,0.22400751201923086
x_tree,0.65,True,0.65,0.2912097656250001,0.7,0.02,3727.4850000000015,2609.239500000001,166.4,2442.839500000001,14.680525841346158,190.84683593750006,0.3136105168269232
x_tree,0.65,True,0.65,0.2912097656250001,0.7,0.05,3727.4850000000015,2609.239500000001,416.0,2193.239500000001,5.272210336538464,171.3468359375001,0.3136105168269232
x_tree,0.65,True,0.65,0.2912097656250001,0.7,0.1,3727.4850000000015,2609.239500000001,832.0,1777.239500000001,2.136105168269232,138.8468359375001,0.3136105168269232
x_tree,0.7,True,0.7,0.35812851562500014,0.3,0.02,4584.045000000002,1375.2135000000005,179.2,1196.0135000000005,6.674182477678574,93.43855468750003,0.1534836495535715
x_tree,0.7,True,0.7,0.35812851562500014,0.3,0.05,4584.045000000002,1375.2135000000005,447.99999999999994,927.2135000000005,2.06967299107143,72.43855468750004,0.1534836495535715
x_tree,0.7,True,0.7,0.35812851562500014,0.3,0.1,4584.045000000002,1375.2135000000005,895.9999999999999,479.21350000000064,0.5348364955357151,37.43855468750005,0.1534836495535715
x_tree,0.7,True,0.7,0.35812851562500014,0.5,0.02,4584.045000000002,2292.022500000001,179.2,2112.822500000001,11.790304129464293,165.06425781250007,0.25580608258928583
x_tree,0.7,True,0.7,0.35812851562500014,0.5,0.05,4584.045000000002,2292.022500000001,447.99999999999994,1844.022500000001,4.116121651785717,144.06425781250007,0.25580608258928583
x_tree,0.7,True,0.7,0.35812851562500014,0.5,0.1,4584.045000000002,2292.022500000001,895.9999999999999,1396.022500000001,1.5580608258928583,109.06425781250007,0.25580608258928583
x_tree,0.7,True,0.7,0.35812851562500014,0.7,0.02,4584.045000000002,3208.831500000001,179.2,3029.6315000000013,16.906425781250007,236.6899609375001,0.35812851562500014
x_tree,0.7,True,0.7,0.35812851562500014,0.7,0.05,4584.045000000002,3208.831500000001,447.99999999999994,2760.831500000001,6.162570312500003,215.6899609375001,0.35812851562500014
x_tree,0.7,True,0.7,0.35812851562500014,0.7,0.1,4584.045000000002,3208.831500000001,895.9999999999999,2312.831500000001,2.5812851562500017,180.68996093750008,0.35812851562500014
x_tree,0.75,True,0.75,0.36138046875000013,0.3,0.02,4625.670000000002,1387.7010000000005,192.0,1195.7010000000005,6.227609375000003,93.41414062500003,0.14455218750000004
x_tree,0.75,True,0.75,0.36138046875000013,0.3,0.05,4625.670000000002,1387.7010000000005,480.00000000000006,907.7010000000005,1.8910437500000008,70.91414062500004,0.14455218750000004
x_tree,0.75,True,0.75,0.36138046875000013,0.3,0.1,4625.670000000002,1387.7010000000005,960.0000000000001,427.70100000000036,0.44552187500000034,33.41414062500002,0.14455218750000004
x_tree,0.75,True,0.75,0.36138046875000013,0.5,0.02,4625.670000000002,2312.835000000001,192.0,2120.835000000001,11.046015625000004,165.69023437500007,0.2409203125000001
x_tree,0.75,True,0.75,0.36138046875000013,0.5,0.05,4625.670000000002,2312.835000000001,480.00000000000006,1832.835000000001,3.8184062500000016,143.19023437500007,0.2409203125000001
x_tree,0.75,True,0.75,0.36138046875000013,0.5,0.1,4625.670000000002,2312.835000000001,960.0000000000001,1352.835000000001,1.4092031250000008,105.69023437500007,0.2409203125000001
x_tree,0.75,True,0.75,0.36138046875000013,0.7,0.02,4625.670000000002,3237.969000000001,192.0,3045.969000000001,15.864421875000005,237.96632812500008,0.3372884375000001
x_tree,0.75,True,0.75,0.36138046875000013,0.7,0.05,4625.670000000002,3237.969000000001,480.00000000000006,2757.969000000001,5.745768750000002,215.46632812500008,0.3372884375000001
x_tree,0.75,True,0.75,0.36138046875000013,0.7,0.1,4625.670000000002,3237.969000000001,960.0000000000001,2277.969000000001,2.372884375000001,177.96632812500008,0.3372884375000001
x_tree,0.8,True,0.8,0.48205664062500003,0.3,0.02,6170.325000000001,1851.0975,204.8,1646.2975000000001,8.03856201171875,128.6169921875,0.18077124023437502
x_tree,0.8,True,0.8,0.48205664062500003,0.3,0.05,6170.325000000001,1851.0975,512.0000000000001,1339.0974999999999,2.6154248046874993,104.61699218749999,0.18077124023437502
x_tree,0.8,True,0.8,0.48205664062500003,0.3,0.1,6170.325000000001,1851.0975,1024.0000000000002,827.0974999999999,0.8077124023437496,64.61699218749999,0.18077124023437502
x_tree,0.8,True,0.8,0.48205664062500003,0.5,0.02,6170.325000000001,3085.1625000000004,204.8,2880.3625,14.06427001953125,225.0283203125,0.301285400390625
x_tree,0.8,True,0.8,0.48205664062500003,0.5,0.05,6170.325000000001,3085.1625000000004,512.0000000000001,2573.1625000000004,5.0257080078125,201.02832031250003,0.301285400390625
x_tree,0.8,True,0.8,0.48205664062500003,0.5,0.1,6170.325000000001,3085.1625000000004,1024.0000000000002,2061.1625000000004,2.01285400390625,161.02832031250003,0.301285400390625
x_tree,0.8,True,0.8,0.48205664062500003,0.7,0.02,6170.325000000001,4319.2275,204.8,4114.4275,20.089978027343747,321.4396484375,0.421799560546875
x_tree,0.8,True,0.8,0.48205664062500003,0.7,0.05,6170.325000000001,4319.2275,512.0000000000001,3807.2275,7.435991210937498,297.43964843749995,0.421799560546875
x_tree,0.8,True,0.8,0.48205664062500003,0.7,0.1,6170.325000000001,4319.2275,1024.0000000000002,3295.2275,3.217995605468749,257.4396484375,0.421799560546875
x_tree,0.85,True,0.85,0.5651824218750001,0.3,0.02,7234.335000000002,2170.3005000000003,217.60000000000002,1952.7005000000004,8.973807444852943,152.5547265625,0.19947614889705886
x_tree,0.85,True,0.85,0.5651824218750001,0.3,0.05,7234.335000000002,2170.3005000000003,544.0,1626.3005000000003,2.989522977941177,127.05472656250002,0.19947614889705886
x_tree,0.85,True,0.85,0.5651824218750001,0.3,0.1,7234.335000000002,2170.3005000000003,1088.0,1082.3005000000003,0.9947614889705885,84.55472656250002,0.19947614889705886
x_tree,0.85,True,0.85,0.5651824218750001,0.5,0.02,7234.335000000002,3617.167500000001,217.60000000000002,3399.567500000001,15.623012408088238,265.5912109375001,0.3324602481617648
x_tree,0.85,True,0.85,0.5651824218750001,0.5,0.05,7234.335000000002,3617.167500000001,544.0,3073.167500000001,5.649204963235296,240.09121093750008,0.3324602481617648
x_tree,0.85,True,0.85,0.5651824218750001,0.5,0.1,7234.335000000002,3617.167500000001,1088.0,2529.167500000001,2.324602481617648,197.59121093750008,0.3324602481617648
x_tree,0.85,True,0.85,0.5651824218750001,0.7,0.02,7234.335000000002,5064.034500000001,217.60000000000002,4846.4345,22.272217371323528,378.6276953125,0.4654443474264707
x_tree,0.85,True,0.85,0.5651824218750001,0.7,0.05,7234.335000000002,5064.034500000001,544.0,4520.034500000001,8.308886948529413,353.12769531250007,0.4654443474264707
x_tree,0.85,True,0.85,0.5651824218750001,0.7,0.1,7234.335000000002,5064.034500000001,1088.0,3976.0345000000007,3.6544434742647063,310.62769531250007,0.4654443474264707
x_tree,0.9,True,0.9,0.6087246093750003,0.3,0.02,7791.675000000004,2337.502500000001,230.40000000000003,2107.102500000001,9.145410156250003,164.61738281250007,0.2029082031250001
x_tree,0.9,True,0.9,0.6087246093750003,0.3,0.05,7791.675000000004,2337.502500000001,576.0000000000001,1761.502500000001,3.0581640625000013,137.61738281250007,0.2029082031250001
x_tree,0.9,True,0.9,0.6087246093750003,0.3,0.1,7791.675000000004,2337.502500000001,1152.0000000000002,1185.5025000000007,1.0290820312500004,92.61738281250005,0.2029082031250001
x_tree,0.9,True,0.9,0.6087246093750003,0.5,0.02,7791.675000000004,3895.837500000002,230.40000000000003,3665.437500000002,15.90901692708334,286.3623046875001,0.3381803385416668
x_tree,0.9,True,0.9,0.6087246093750003,0.5,0.05,7791.675000000004,3895.837500000002,576.0000000000001,3319.837500000002,5.763606770833335,259.36230468750017,0.3381803385416668
x_tree,0.9,True,0.9,0.6087246093750003,0.5,0.1,7791.675000000004,3895.837500000002,1152.0000000000002,2743.8375000000015,2.3818033854166676,214.3623046875001,0.3381803385416668
x_tree,0.9,True,0.9,0.6087246093750003,0.7,0.02,7791.675000000004,5454.172500000002,230.40000000000003,5223.772500000003,22.672623697916674,408.1072265625002,0.4734524739583335
x_tree,0.9,True,0.9,0.6087246093750003,0.7,0.05,7791.675000000004,5454.172500000002,576.0000000000001,4878.172500000002,8.469049479166669,381.10722656250016,0.4734524739583335
x_tree,0.9,True,0.9,0.6087246093750003,0.7,0.1,7791.675000000004,5454.172500000002,1152.0000000000002,4302.172500000002,3.7345247395833345,336.1072265625002,0.4734524739583335
x_tree,0.95,True,0.95,0.7088062500000002,0.3,0.02,9072.720000000003,2721.8160000000007,243.2,2478.616000000001,10.191677631578951,193.64187500000008,0.22383355263157903
x_tree,0.95,True,0.95,0.7088062500000002,0.3,0.05,9072.720000000003,2721.8160000000007,608.0,2113.8160000000007,3.47667105263158,165.14187500000006,0.22383355263157903
x_tree,0.95,True,0.95,0.7088062500000002,0.3,0.1,9072.720000000003,2721.8160000000007,1216.0,1505.8160000000007,1.23833552631579,117.64187500000006,0.22383355263157903
x_tree,0.95,True,0.95,0.7088062500000002,0.5,0.02,9072.720000000003,4536.3600000000015,243.2,4293.160000000002,17.652796052631587,335.40312500000016,0.3730559210526317
x_tree,0.95,True,0.95,0.7088062500000002,0.5,0.05,9072.720000000003,4536.3600000000015,608.0,3928.3600000000015,6.4611184210526345,306.9031250000001,0.3730559210526317
x_tree,0.95,True,0.95,0.7088062500000002,0.5,0.1,9072.720000000003,4536.3600000000015,1216.0,3320.3600000000015,2.7305592105263172,259.4031250000001,0.3730559210526317
x_tree,0.95,True,0.95,0.7088062500000002,0.7,0.02,9072.720000000003,6350.904000000001,243.2,6107.7040000000015,25.11391447368422,477.1643750000001,0.5222782894736844
x_tree,0.95,True,0.95,0.7088062500000002,0.7,0.05,9072.720000000003,6350.904000000001,608.0,5742.904000000001,9.445565789473687,448.6643750000001,0.5222782894736844
x_tree,0.95,True,0.95,0.7088062500000002,0.7,0.1,9072.720000000003,6350.904000000001,1216.0,5134.904000000001,4.222782894736843,401.1643750000001,0.5222782894736844
x_tree,1.0,True,1.0,0.6710414062500001,0.3,0.02,8589.330000000002,2576.7990000000004,256.0,2320.7990000000004,9.065621093750002,181.31242187500004,0.201312421875
x_tree,1.0,True,1.0,0.6710414062500001,0.3,0.05,8589.330000000002,2576.7990000000004,640.0,1936.7990000000004,3.0262484375000005,151.31242187500004,0.201312421875
x_tree,1.0,True,1.0,0.6710414062500001,0.3,0.1,8589.330000000002,2576.7990000000004,1280.0,1296.7990000000004,1.0131242187500002,101.31242187500003,0.201312421875
x_tree,1.0,True,1.0,0.6710414062500001,0.5,0.02,8589.330000000002,4294.665000000001,256.0,4038.665000000001,15.776035156250003,315.52070312500007,0.33552070312500004
x_tree,1.0,True,1.0,0.6710414062500001,0.5,0.05,8589.330000000002,4294.665000000001,640.0,3654.665000000001,5.710414062500002,285.52070312500007,0.33552070312500004
x_tree,1.0,True,1.0,0.6710414062500001,0.5,0.1,8589.330000000002,4294.665000000001,1280.0,3014.665000000001,2.355207031250001,235.52070312500007,0.33552070312500004
x_tree,1.0,True,1.0,0.6710414062500001,0.7,0.02,8589.330000000002,6012.531000000001,256.0,5756.531000000001,22.486449218750003,449.7289843750001,0.46972898437500005
x_tree,1.0,True,1.0,0.6710414062500001,0.7,0.05,8589.330000000002,6012.531000000001,640.0,5372.531000000001,8.394579687500002,419.72898437500004,0.46972898437500005
x_tree,1.0,True,1.0,0.6710414062500001,0.7,0.1,8589.330000000002,6012.531000000001,1280.0,4732.531000000001,3.6972898437500006,369.7289843750001,0.46972898437500005
random,0.05,True,0.05,0.0953953125,0.3,0.02,1221.06,366.318,12.8,353.518,27.618593749999995,27.618593749999995,0.5723718749999999
random,0.05,True,0.05,0.0953953125,0.3,0.05,1221.06,366.318,32.00000000000001,334.318,10.447437499999998,26.11859375,0.5723718749999999
random,0.05,True,0.05,0.0953953125,0.3,0.1,1221.06,366.318,64.00000000000001,302.318,4.723718749999999,23.61859375,0.5723718749999999
random,0.05,True,0.05,0.0953953125,0.5,0.02,1221.06,610.53,12.8,597.73,46.69765625,46.69765625,0.953953125
random,0.05,True,0.05,0.0953953125,0.5,0.05,1221.06,610.53,32.00000000000001,578.53,18.079062499999996,45.197656249999994,0.953953125
random,0.05,True,0.05,0.0953953125,0.5,0.1,1221.06,610.53,64.00000000000001,546.53,8.539531249999998,42.69765625,0.953953125
random,0.05,True,0.05,0.0953953125,0.7,0.02,1221.06,854.742,12.8,841.942,65.77671875,65.77671875,1.3355343749999997
random,0.05,True,0.05,0.0953953125,0.7,0.05,1221.06,854.742,32.00000000000001,822.742,25.71068749999999,64.27671875,1.3355343749999997
random,0.05,True,0.05,0.0953953125,0.7,0.1,1221.06,854.742,64.00000000000001,790.742,12.355343749999996,61.77671874999999,1.3355343749999997
random,0.1,True,0.1,0.19534921875000003,0.3,0.02,2500.4700000000003,750.1410000000001,25.6,724.541,28.3023828125,56.604765625000006,0.58604765625
random,0.1,True,0.1,0.19534921875000003,0.3,0.05,2500.4700000000003,750.1410000000001,64.00000000000001,686.1410000000001,10.720953125,53.604765625000006,0.58604765625
random,0.1,True,0.1,0.19534921875000003,0.3,0.1,2500.4700000000003,750.1410000000001,128.00000000000003,622.1410000000001,4.8604765625,48.604765625000006,0.58604765625
random,0.1,True,0.1,0.19534921875000003,0.5,0.02,2500.4700000000003,1250.2350000000001,25.6,1224.6350000000002,47.83730468750001,95.67460937500002,0.9767460937500001
random,0.1,True,0.1,0.19534921875000003,0.5,0.05,2500.4700000000003,1250.2350000000001,64.00000000000001,1186.2350000000001,18.534921875,92.674609375,0.9767460937500001
random,0.1,True,0.1,0.19534921875000003,0.5,0.1,2500.4700000000003,1250.2350000000001,128.00000000000003,1122.2350000000001,8.7674609375,87.674609375,0.9767460937500001
random,0.1,True,0.1,0.19534921875000003,0.7,0.02,2500.4700000000003,1750.3290000000002,25.6,1724.7290000000003,67.3722265625,134.74445312500004,1.3674445312499999
random,0.1,True,0.1,0.19534921875000003,0.7,0.05,2500.4700000000003,1750.3290000000002,64.00000000000001,1686.3290000000002,26.348890624999996,131.74445312500004,1.3674445312499999
random,0.1,True,0.1,0.19534921875000003,0.7,0.1,2500.4700000000003,1750.3290000000002,128.00000000000003,1622.3290000000002,12.674445312499998,126.74445312500002,1.3674445312499999
random,0.15,True,0.15,0.206448046875,0.3,0.02,2642.5350000000003,792.7605000000001,38.4,754.3605000000001,19.644804687500002,58.93441406250001,0.41289609375
random,0.15,True,0.15,0.206448046875,0.3,0.05,2642.5350000000003,792.7605000000001,96.0,696.7605000000001,7.257921875000001,54.434414062500004,0.41289609375
random,0.15,True,0.15,0.206448046875,0.3,0.1,2642.5350000000003,792.7605000000001,192.0,600.7605000000001,3.1289609375000005,46.934414062500004,0.41289609375
random,0.15,True,0.15,0.206448046875,0.5,0.02,2642.5350000000003,1321.2675000000002,38.4,1282.8675,33.4080078125,100.22402343750001,0.68816015625
random,0.15,True,0.15,0.206448046875,0.5,0.05,2642.5350000000003,1321.2675000000002,96.0,1225.2675000000002,12.763203125000002,95.72402343750001,0.68816015625
random,0.15,True,0.15,0.206448046875,0.5,0.1,2642.5350000000003,1321.2675000000002,192.0,1129.2675000000002,5.881601562500001,88.22402343750001,0.68816015625
random,0.15,True,0.15,0.206448046875,0.7,0.02,2642.5350000000003,1849.7745,38.4,1811.3745,47.1712109375,141.5136328125,0.96342421875
random,0.15,True,0.15,0.206448046875,0.7,0.05,2642.5350000000003,1849.7745,96.0,1753.7745,18.268484375,137.01363281250002,0.96342421875
random,0.15,True,0.15,0.206448046875,0.7,0.1,2642.5350000000003,1849.7745,192.0,1657.7745,8.6342421875,129.5136328125,0.96342421875
random,0.2,True,0.2,0.22654101562500004,0.3,0.02,2899.7250000000004,869.9175000000001,51.2,818.7175000000001,15.990576171875,63.962304687500016,0.3398115234375
random,0.2,True,0.2,0.22654101562500004,0.3,0.05,2899.7250000000004,869.9175000000001,128.00000000000003,741.9175000000001,5.79623046875,57.96230468750001,0.3398115234375
random,0.2,True,0.2,0.22654101562500004,0.3,0.1,2899.7250000000004,869.9175000000001,256.00000000000006,613.9175,2.3981152343749996,47.9623046875,0.3398115234375
random,0.2,True,0.2,0.22654101562500004,0.5,0.02,2899.7250000000004,1449.8625000000002,51.2,1398.6625000000001,27.317626953125,109.27050781250001,0.5663525390625
random,0.2,True,0.2,0.22654101562500004,0.5,0.05,2899.7250000000004,1449.8625000000002,128.00000000000003,1321.8625000000002,10.32705078125,103.27050781250001,0.5663525390625
random,0.2,True,0.2,0.22654101562500004,0.5,0.1,2899.7250000000004,1449.8625000000002,256.00000000000006,1193.8625000000002,4.663525390625,93.27050781250001,0.5663525390625
random,0.2,True,0.2,0.22654101562500004,0.7,0.02,2899.7250000000004,2029.8075000000001,51.2,1978.6075,38.644677734375,154.5787109375,0.7928935546875
random,0.2,True,0.2,0.22654101562500004,0.7,0.05,2899.7250000000004,2029.8075000000001,128.00000000000003,1901.8075000000001,14.857871093749997,148.5787109375,0.7928935546875
random,0.2,True,0.2,0.22654101562500004,0.7,0.1,2899.7250000000004,2029.8075000000001,256.00000000000006,1773.8075000000001,6.928935546874999,138.5787109375,0.7928935546875
random,0.25,True,0.25,0.19923046875000006,0.3,0.02,2550.1500000000005,765.0450000000002,64.0,701.0450000000002,10.953828125000003,54.76914062500002,0.23907656250000006
random,0.25,True,0.25,0.19923046875000006,0.3,0.05,2550.1500000000005,765.0450000000002,160.0,605.0450000000002,3.7815312500000013,47.26914062500001,0.23907656250000006
random,0.25,True,0.25,0.19923046875000006,0.3,0.1,2550.1500000000005,765.0450000000002,320.0,445.0450000000002,1.3907656250000007,34.76914062500001,0.23907656250000006
random,0.25,True,0.25,0.19923046875000006,0.5,0.02,2550.1500000000005,1275.0750000000003,64.0,1211.0750000000003,18.923046875000004,94.61523437500003,0.3984609375000001
random,0.25,True,0.25,0.19923046875000006,0.5,0.05,2550.1500000000005,1275.0750000000003,160.0,1115.0750000000003,6.969218750000001,87.11523437500001,0.3984609375000001
random,0.25,True,0.25,0.19923046875000006,0.5,0.1,2550.1500000000005,1275.0750000000003,320.0,955.0750000000003,2.9846093750000007,74.61523437500001,0.3984609375000001
random,0.25,True,0.25,0.19923046875000006,0.7,0.02,2550.1500000000005,1785.1050000000002,64.0,1721.1050000000002,26.892265625000004,134.46132812500002,0.5578453125000001
random,0.25,True,0.25,0.19923046875000006,0.7,0.05,2550.1500000000005,1785.1050000000002,160.0,1625.1050000000002,10.156906250000002,126.96132812500002,0.5578453125000001
random,0.25,True,0.25,0.19923046875000006,0.7,0.1,2550.1500000000005,1785.1050000000002,320.0,1465.1050000000002,4.578453125000001,114.46132812500002,0.5578453125000001
random,0.3,True,0.3,0.267994921875,0.3,0.02,3430.335,1029.1005,76.8,952.3005,12.399746093750002,74.39847656250001,0.267994921875
random,0.3,True,0.3,0.267994921875,0.3,0.05,3430.335,1029.1005,192.0,837.1005,4.3598984375,65.39847656250001,0.267994921875
random,0.3,True,0.3,0.267994921875,0.3,0.1,3430.335,1029.1005,384.0,645.1005,1.67994921875,50.3984765625,0.267994921875
random,0.3,True,0.3,0.267994921875,0.5,0.02,3430.335,1715.1675,76.8,1638.3675,21.33291015625,127.99746093750001,0.44665820312500004
random,0.3,True,0.3,0.267994921875,0.5,0.05,3430.335,1715.1675,192.0,1523.1675,7.9331640625,118.99746093750001,0.44665820312500004
random,0.3,True,0.3,0.267994921875,0.5,0.1,3430.335,1715.1675,384.0,1331.1675,3.46658203125,103.99746093750001,0.44665820312500004
random,0.3,True,0.3,0.267994921875,0.7,0.02,3430.335,2401.2345,76.8,2324.4345,30.26607421875,181.59644531249998,0.625321484375
random,0.3,True,0.3,0.267994921875,0.7,0.05,3430.335,2401.2345,192.0,2209.2345,11.5064296875,172.5964453125,0.625321484375
random,0.3,True,0.3,0.267994921875,0.7,0.1,3430.335,2401.2345,384.0,2017.2345,5.25321484375,157.5964453125,0.625321484375
random,0.35,True,0.35,0.37318242187500006,0.3,0.02,4776.735000000001,1433.0205,89.6,1343.4205000000002,14.993532366071431,104.95472656250001,0.3198706473214286
random,0.35,True,0.35,0.37318242187500006,0.3,0.05,4776.735000000001,1433.0205,223.99999999999997,1209.0205,5.397412946428572,94.45472656250001,0.3198706473214286
random,0.35,True,0.35,0.37318242187500006,0.3,0.1,4776.735000000001,1433.0205,447.99999999999994,985.0205000000001,2.198706473214286,76.9547265625,0.3198706473214286
random,0.35,True,0.35,0.37318242187500006,0.5,0.02,4776.735000000001,2388.3675000000003,89.6,2298.7675000000004,25.65588727678572,179.59121093750002,0.5331177455357144
random,0.35,True,0.35,0.37318242187500006,0.5,0.05,4776.735000000001,2388.3675000000003,223.99999999999997,2164.3675000000003,9.662354910714289,169.09121093750002,0.5331177455357144
random,0.35,True,0.35,0.37318242187500006,0.5,0.1,4776.735000000001,2388.3675000000003,447.99999999999994,1940.3675000000003,4.331177455357144,151.59121093750002,0.5331177455357144
random,0.35,True,0.35,0.37318242187500006,0.7,0.02,4776.735000000001,3343.7145,89.6,3254.1145,36.318242187500005,254.2276953125,0.7463648437500001
random,0.35,True,0.35,0.37318242187500006,0.7,0.05,4776.735000000001,3343.7145,223.99999999999997,3119.7145,13.927296875000001,243.7276953125,0.7463648437500001
random,0.35,True,0.35,0.37318242187500006,0.7,0.1,4776.735000000001,3343.7145,447.99999999999994,2895.7145,6.463648437500001,226.2276953125,0.7463648437500001
random,0.4,True,0.4,0.46619531250000007,0.3,0.02,5967.300000000001,1790.1900000000003,102.4,1687.7900000000002,16.48232421875,131.85859375,0.349646484375
random,0.4,True,0.4,0.46619531250000007,0.3,0.05,5967.300000000001,1790.1900000000003,256.00000000000006,1534.1900000000003,5.9929296875,119.85859375000003,0.349646484375
random,0.4,True,0.4,0.46619531250000007,0.3,0.1,5967.300000000001,1790.1900000000003,512.0000000000001,1278.19,2.4964648437499997,99.85859375,0.349646484375
random,0.4,True,0.4,0.46619531250000007,0.5,0.02,5967.300000000001,2983.6500000000005,102.4,2881.2500000000005,28.137207031250004,225.09765625000003,0.582744140625
random,0.4,True,0.4,0.46619531250000007,0.5,0.05,5967.300000000001,2983.6500000000005,256.00000000000006,2727.6500000000005,10.6548828125,213.09765625000006,0.582744140625
random,0.4,True,0.4,0.46619531250000007,0.5,0.1,5967.300000000001,2983.6500000000005,512.0000000000001,2471.6500000000005,4.82744140625,193.09765625000006,0.582744140625
random,0.4,True,0.4,0.46619531250000007,0.7,0.02,5967.300000000001,4177.110000000001,102.4,4074.7100000000005,39.792089843750006,318.33671875000005,0.815841796875
random,0.4,True,0.4,0.46619531250000007,0.7,0.05,5967.300000000001,4177.110000000001,256.00000000000006,3921.1100000000006,15.316835937499999,306.33671875000005,0.815841796875
random,0.4,True,0.4,0.46619531250000007,0.7,0.1,5967.300000000001,4177.110000000001,512.0000000000001,3665.1100000000006,7.158417968749999,286.33671875000005,0.815841796875
random,0.45,True,0.45,0.3851414062500001,0.3,0.02,4929.810000000001,1478.9430000000004,115.20000000000002,1363.7430000000004,11.838046875000002,106.54242187500003,0.25676093750000006
random,0.45,True,0.45,0.3851414062500001,0.3,0.05,4929.810000000001,1478.9430000000004,288.00000000000006,1190.9430000000004,4.135218750000001,93.04242187500003,0.25676093750000006
random,0.45,True,0.45,0.3851414062500001,0.3,0.1,4929.810000000001,1478.9430000000004,576.0000000000001,902.9430000000003,1.5676093750000002,70.54242187500003,0.25676093750000006
random,0.45,True,0.45,0.3851414062500001,0.5,0.02,4929.810000000001,2464.9050000000007,115.20000000000002,2349.705000000001,20.39674479166667,183.57070312500008,0.42793489583333344
random,0.45,True,0.45,0.3851414062500001,0.5,0.05,4929.810000000001,2464.9050000000007,288.00000000000006,2176.9050000000007,7.5586979166666675,170.07070312500005,0.42793489583333344
random,0.45,True,0.45,0.3851414062500001,0.5,0.1,4929.810000000001,2464.9050000000007,576.0000000000001,1888.9050000000007,3.2793489583333337,147.57070312500005,0.42793489583333344
random,0.45,True,0.45,0.3851414062500001,0.7,0.02,4929.810000000001,3450.8670000000006,115.20000000000002,3335.667000000001,28.955442708333337,260.59898437500004,0.5991088541666668
random,0.45,True,0.45,0.3851414062500001,0.7,0.05,4929.810000000001,3450.8670000000006,288.00000000000006,3162.8670000000006,10.982177083333333,247.09898437500004,0.5991088541666668
random,0.45,True,0.45,0.3851414062500001,0.7,0.1,4929.810000000001,3450.8670000000006,576.0000000000001,2874.8670000000006,4.991088541666667,224.59898437500007,0.5991088541666668
random,0.5,True,0.5,0.42178945312500005,0.3,0.02,5398.905000000001,1619.6715000000002,128.0,1491.6715000000002,11.653683593750001,116.53683593750002,0.253073671875
random,0.5,True,0.5,0.42178945312500005,0.3,0.05,5398.905000000001,1619.6715000000002,320.0,1299.6715000000002,4.0614734375,101.53683593750002,0.253073671875
random,0.5,True,0.5,0.42178945312500005,0.3,0.1,5398.905000000001,1619.6715000000002,640.0,979.6715000000002,1.5307367187500003,76.5368359375,0.253073671875
random,0.5,True,0.5,0.42178945312500005,0.5,0.02,5398.905000000001,2699.4525000000003,128.0,2571.4525000000003,20.089472656250003,200.8947265625,0.42178945312500005
random,0.5,True,0.5,0.42178945312500005,0.5,0.05,5398.905000000001,2699.4525000000003,320.0,2379.4525000000003,7.435789062500001,185.89472656250004,0.42178945312500005
random,0.5,True,0.5,0.42178945312500005,0.5,0.1,5398.905000000001,2699.4525000000003,640.0,2059.4525000000003,3.2178945312500007,160.89472656250004,0.42178945312500005
random,0.5,True,0.5,0.42178945312500005,0.7,0.02,5398.905000000001,3779.2335000000003,128.0,3651.2335000000003,28.525261718750002,285.2526171875,0.590505234375
random,0.5,True,0.5,0.42178945312500005,0.7,0.05,5398.905000000001,3779.2335000000003,320.0,3459.2335000000003,10.8101046875,270.25261718750005,0.590505234375
random,0.5,True,0.5,0.42178945312500005,0.7,0.1,5398.905000000001,3779.2335000000003,640.0,3139.2335000000003,4.90505234375,245.25261718750002,0.590505234375
random,0.55,True,0.55,0.4120277343750001,0.3,0.02,5273.955000000002,1582.1865000000005,140.8,1441.3865000000005,10.237120028409095,112.60832031250004,0.22474240056818187
random,0.55,True,0.55,0.4120277343750001,0.3,0.05,5273.955000000002,1582.1865000000005,352.00000000000006,1230.1865000000005,3.4948480113636373,96.10832031250004,0.22474240056818187
random,0.55,True,0.55,0.4120277343750001,0.3,0.1,5273.955000000002,1582.1865000000005,704.0000000000001,878.1865000000004,1.2474240056818184,68.60832031250003,0.22474240056818187
random,0.55,True,0.55,0.4120277343750001,0.5,0.02,5273.955000000002,2636.977500000001,140.8,2496.1775000000007,17.72853338068182,195.01386718750004,0.37457066761363644
random,0.55,True,0.55,0.4120277343750001,0.5,0.05,5273.955000000002,2636.977500000001,352.00000000000006,2284.977500000001,6.491413352272729,178.51386718750007,0.37457066761363644
random,0.55,True,0.55,0.4120277343750001,0.5,0.1,5273.955000000002,2636.977500000001,704.0000000000001,1932.9775000000009,2.7457066761363644,151.01386718750007,0.37457066761363644
random,0.55,True,0.55,0.4120277343750001,0.7,0.02,5273.955000000002,3691.768500000001,140.8,3550.968500000001,25.21994673295455,277.4194140625001,0.5243989346590909
random,0.55,True,0.55,0.4120277343750001,0.7,0.05,5273.955000000002,3691.768500000001,352.00000000000006,3339.768500000001,9.48797869318182,260.9194140625001,0.5243989346590909
random,0.55,True,0.55,0.4120277343750001,0.7,0.1,5273.955000000002,3691.768500000001,704.0000000000001,2987.768500000001,4.24398934659091,233.41941406250007,0.5243989346590909
random,0.6,True,0.6,0.4775332031250001,0.3,0.02,6112.425000000001,1833.7275000000002,153.6,1680.1275000000003,10.938330078125002,131.25996093750004,0.23876660156250004
random,0.6,True,0.6,0.4775332031250001,0.3,0.05,6112.425000000001,1833.7275000000002,384.0,1449.7275000000002,3.7753320312500005,113.25996093750001,0.23876660156250004
random,0.6,True,0.6,0.4775332031250001,0.3,0.1,6112.425000000001,1833.7275000000002,768.0,1065.7275000000002,1.3876660156250002,83.25996093750001,0.23876660156250004
random,0.6,True,0.6,0.4775332031250001,0.5,0.02,6112.425000000001,3056.2125000000005,153.6,2902.6125000000006,18.897216796875004,226.76660156250006,0.39794433593750006
random,0.6,True,0.6,0.4775332031250001,0.5,0.05,6112.425000000001,3056.2125000000005,384.0,2672.2125000000005,6.958886718750001,208.76660156250006,0.39794433593750006
random,0.6,True,0.6,0.4775332031250001,0.5,0.1,6112.425000000001,3056.2125000000005,768.0,2288.2125000000005,2.9794433593750007,178.76660156250006,0.39794433593750006
random,0.6,True,0.6,0.4775332031250001,0.7,0.02,6112.425000000001,4278.6975,153.6,4125.0975,26.856103515625,322.2732421875,0.5571220703125
random,0.6,True,0.6,0.4775332031250001,0.7,0.05,6112.425000000001,4278.6975,384.0,3894.6975,10.14244140625,304.2732421875,0.5571220703125
random,0.6,True,0.6,0.4775332031250001,0.7,0.1,6112.425000000001,4278.6975,768.0,3510.6975,4.571220703125,274.27324218750005,0.5571220703125
random,0.65,True,0.65,0.49364531250000016,0.3,0.02,6318.660000000002,1895.5980000000004,166.4,1729.1980000000003,10.391814903846155,135.09359375000003,0.22783629807692313
random,0.65,True,0.65,0.49364531250000016,0.3,0.05,6318.660000000002,1895.5980000000004,416.0,1479.5980000000004,3.5567259615384623,115.59359375000003,0.22783629807692313
random,0.65,True,0.65,0.49364531250000016,0.3,0.1,6318.660000000002,1895.5980000000004,832.0,1063.5980000000004,1.2783629807692312,83.09359375000003,0.22783629807692313
random,0.65,True,0.65,0.49364531250000016,0.5,0.02,6318.660000000002,3159.330000000001,166.4,2992.9300000000007,17.986358173076926,233.82265625000008,0.37972716346153856
random,0.65,True,0.65,0.49364531250000016,0.5,0.05,6318.660000000002,3159.330000000001,416.0,2743.330000000001,6.594543269230771,214.32265625000008,0.37972716346153856
random,0.65,True,0.65,0.49364531250000016,0.5,0.1,6318.660000000002,3159.330000000001,832.0,2327.330000000001,2.7972716346153854,181.82265625000008,0.37972716346153856
random,0.65,True,0.65,0.49364531250000016,0.7,0.02,6318.660000000002,4423.062000000001,166.4,4256.662000000001,25.5809014423077,332.55171875000013,0.531618028846154
random,0.65,True,0.65,0.49364531250000016,0.7,0.05,6318.660000000002,4423.062000000001,416.0,4007.062000000001,9.632360576923078,313.05171875,0.531618028846154
random,0.65,True,0.65,0.49364531250000016,0.7,0.1,6318.660000000002,4423.062000000001,832.0,3591.062000000001,4.316180288461539,280.5517187500001,0.531618028846154
random,0.7,True,0.7,0.5138203125000002,0.3,0.02,6576.900000000002,1973.0700000000006,179.2,1793.8700000000006,10.010435267857147,140.14609375000003,0.22020870535714293
random,0.7,True,0.7,0.5138203125000002,0.3,0.05,6576.900000000002,1973.0700000000006,447.99999999999994,1525.0700000000006,3.404174107142859,119.14609375000005,0.22020870535714293
random,0.7,True,0.7,0.5138203125000002,0.3,0.1,6576.900000000002,1973.0700000000006,895.9999999999999,1077.0700000000006,1.2020870535714294,84.14609375000005,0.22020870535714293
random,0.7,True,0.7,0.5138203125000002,0.5,0.02,6576.900000000002,3288.450000000001,179.2,3109.2500000000014,17.35072544642858,242.9101562500001,0.36701450892857157
random,0.7,True,0.7,0.5138203125000002,0.5,0.05,6576.900000000002,3288.450000000001,447.99999999999994,2840.450000000001,6.340290178571432,221.9101562500001,0.36701450892857157
random,0.7,True,0.7,0.5138203125000002,0.5,0.1,6576.900000000002,3288.450000000001,895.9999999999999,2392.450000000001,2.670145089285716,186.91015625000009,0.36701450892857157
random,0.7,True,0.7,0.5138203125000002,0.7,0.02,6576.900000000002,4603.830000000002,179.2,4424.630000000002,24.691015625000013,345.67421875000014,0.5138203125000002
random,0.7,True,0.7,0.5138203125000002,0.7,0.05,6576.900000000002,4603.830000000002,447.99999999999994,4155.830000000002,9.276406250000004,324.67421875000014,0.5138203125000002
random,0.7,True,0.7,0.5138203125000002,0.7,0.1,6576.900000000002,4603.830000000002,895.9999999999999,3707.8300000000017,4.138203125000002,289.67421875000014,0.5138203125000002
random,0.75,True,0.75,0.5445949218750001,0.3,0.02,6970.815000000001,2091.2445000000002,192.0,1899.2445000000002,9.891898437500002,148.37847656250003,0.21783796875000005
random,0.75,True,0.75,0.5445949218750001,0.3,0.05,6970.815000000001,2091.2445000000002,480.00000000000006,1611.2445000000002,3.356759375,125.87847656250001,0.21783796875000005
random,0.75,True,0.75,0.5445949218750001,0.3,0.1,6970.815000000001,2091.2445000000002,960.0000000000001,1131.2445000000002,1.1783796875,88.37847656250001,0.21783796875000005
random,0.75,True,0.75,0.5445949218750001,0.5,0.02,6970.815000000001,3485.4075000000007,192.0,3293.4075000000007,17.153164062500004,257.29746093750003,0.3630632812500001
random,0.75,True,0.75,0.5445949218750001,0.5,0.05,6970.815000000001,3485.4075000000007,480.00000000000006,3005.4075000000007,6.261265625000001,234.79746093750006,0.3630632812500001
random,0.75,True,0.75,0.5445949218750001,0.5,0.1,6970.815000000001,3485.4075000000007,960.0000000000001,2525.4075000000007,2.6306328125000005,197.29746093750006,0.3630632812500001
random,0.75,True,0.75,0.5445949218750001,0.7,0.02,6970.815000000001,4879.570500000001,192.0,4687.570500000001,24.414429687500004,366.21644531250007,0.5082885937500001
random,0.75,True,0.75,0.5445949218750001,0.7,0.05,6970.815000000001,4879.570500000001,480.00000000000006,4399.570500000001,9.165771875,343.71644531250007,0.5082885937500001
random,0.75,True,0.75,0.5445949218750001,0.7,0.1,6970.815000000001,4879.570500000001,960.0000000000001,3919.5705000000007,4.0828859375,306.2164453125,0.5082885937500001
random,0.8,True,0.8,0.5332066406250001,0.3,0.02,6825.045000000002,2047.5135000000005,204.8,1842.7135000000005,8.997624511718753,143.96199218750004,0.19995249023437503
random,0.8,True,0.8,0.5332066406250001,0.3,0.05,6825.045000000002,2047.5135000000005,512.0000000000001,1535.5135000000005,2.9990498046875005,119.96199218750003,0.19995249023437503
random,0.8,True,0.8,0.5332066406250001,0.3,0.1,6825.045000000002,2047.5135000000005,1024.0000000000002,1023.5135000000002,0.99952490234375,79.96199218750003,0.19995249023437503
random,0.8,True,0.8,0.5332066406250001,0.5,0.02,6825.045000000002,3412.522500000001,204.8,3207.7225000000008,15.662707519531253,250.60332031250005,0.33325415039062506
random,0.8,True,0.8,0.5332066406250001,0.5,0.05,6825.045000000002,3412.522500000001,512.0000000000001,2900.522500000001,5.665083007812501,226.60332031250007,0.33325415039062506
random,0.8,True,0.8,0.5332066406250001,0.5,0.1,6825.045000000002,3412.522500000001,1024.0000000000002,2388.522500000001,2.3325415039062505,186.60332031250007,0.33325415039062506
random,0.8,True,0.8,0.5332066406250001,0.7,0.02,6825.045000000002,4777.531500000001,204.8,4572.731500000001,22.32779052734375,357.2446484375,0.46655581054687506
random,0.8,True,0.8,0.5332066406250001,0.7,0.05,6825.045000000002,4777.531500000001,512.0000000000001,4265.531500000001,8.3311162109375,333.2446484375001,0.46655581054687506
random,0.8,True,0.8,0.5332066406250001,0.7,0.1,6825.045000000002,4777.531500000001,1024.0000000000002,3753.531500000001,3.66555810546875,293.2446484375001,0.46655581054687506
random,0.85,True,0.85,0.5374769531250001,0.3,0.02,6879.705000000002,2063.9115000000006,217.60000000000002,1846.3115000000007,8.484887408088237,144.24308593750004,0.18969774816176474
random,0.85,True,0.85,0.5374769531250001,0.3,0.05,6879.705000000002,2063.9115000000006,544.0,1519.9115000000006,2.7939549632352954,118.74308593750004,0.18969774816176474
random,0.85,True,0.85,0.5374769531250001,0.3,0.1,6879.705000000002,2063.9115000000006,1088.0,975.9115000000006,0.8969774816176477,76.24308593750006,0.18969774816176474
random,0.85,True,0.85,0.5374769531250001,0.5,0.02,6879.705000000002,3439.852500000001,217.60000000000002,3222.252500000001,14.808145680147062,251.7384765625001,0.31616291360294124
random,0.85,True,0.85,0.5374769531250001,0.5,0.05,6879.705000000002,3439.852500000001,544.0,2895.852500000001,5.323258272058825,226.23847656250007,0.31616291360294124
random,0.85,True,0.85,0.5374769531250001,0.5,0.1,6879.705000000002,3439.852500000001,1088.0,2351.852500000001,2.1616291360294126,183.73847656250007,0.31616291360294124
random,0.85,True,0.85,0.5374769531250001,0.7,0.02,6879.705000000002,4815.793500000001,217.60000000000002,4598.1935,21.131403952205883,359.2338671875,0.4426280790441177
random,0.85,True,0.85,0.5374769531250001,0.7,0.05,6879.705000000002,4815.793500000001,544.0,4271.793500000001,7.852561580882354,333.73386718750004,0.4426280790441177
random,0.85,True,0.85,0.5374769531250001,0.7,0.1,6879.705000000002,4815.793500000001,1088.0,3727.7935000000007,3.426280790441177,291.23386718750004,0.4426280790441177
random,0.9,True,0.9,0.5839582031250002,0.3,0.02,7474.665000000003,2242.399500000001,230.40000000000003,2011.9995000000008,8.732636718750003,157.18746093750005,0.19465273437500008
random,0.9,True,0.9,0.5839582031250002,0.3,0.05,7474.665000000003,2242.399500000001,576.0000000000001,1666.399500000001,2.893054687500001,130.18746093750008,0.19465273437500008
random,0.9,True,0.9,0.5839582031250002,0.3,0.1,7474.665000000003,2242.399500000001,1152.0000000000002,1090.3995000000007,0.9465273437500004,85.18746093750006,0.19465273437500008
random,0.9,True,0.9,0.5839582031250002,0.5,0.02,7474.665000000003,3737.3325000000013,230.40000000000003,3506.9325000000013,15.22106119791667,273.9791015625001,0.32442122395833345
random,0.9,True,0.9,0.5839582031250002,0.5,0.05,7474.665000000003,3737.3325000000013,576.0000000000001,3161.3325000000013,5.488424479166668,246.97910156250012,0.32442122395833345
random,0.9,True,0.9,0.5839582031250002,0.5,0.1,7474.665000000003,3737.3325000000013,1152.0000000000002,2585.3325000000013,2.244212239583334,201.9791015625001,0.32442122395833345
random,0.9,True,0.9,0.5839582031250002,0.7,0.02,7474.665000000003,5232.265500000001,230.40000000000003,5001.865500000002,21.709485677083336,390.7707421875001,0.4541897135416668
random,0.9,True,0.9,0.5839582031250002,0.7,0.05,7474.665000000003,5232.265500000001,576.0000000000001,4656.265500000001,8.083794270833334,363.7707421875001,0.4541897135416668
random,0.9,True,0.9,0.5839582031250002,0.7,0.1,7474.665000000003,5232.265500000001,1152.0000000000002,4080.2655000000013,3.5418971354166673,318.7707421875001,0.4541897135416668
random,0.95,True,0.95,0.5999882812500001,0.3,0.02,7679.850000000002,2303.9550000000004,243.2,2060.7550000000006,8.473499177631581,160.99648437500005,0.18946998355263164
random,0.95,True,0.95,0.5999882812500001,0.3,0.05,7679.850000000002,2303.9550000000004,608.0,1695.9550000000004,2.789399671052632,132.49648437500002,0.18946998355263164
random,0.95,True,0.95,0.5999882812500001,0.3,0.1,7679.850000000002,2303.9550000000004,1216.0,1087.9550000000004,0.8946998355263162,84.99648437500002,0.18946998355263164
random,0.95,True,0.95,0.5999882812500001,0.5,0.02,7679.850000000002,3839.925000000001,243.2,3596.7250000000013,14.789165296052637,280.9941406250001,0.31578330592105275
random,0.95,True,0.95,0.5999882812500001,0.5,0.05,7679.850000000002,3839.925000000001,608.0,3231.925000000001,5.3156661184210545,252.49414062500009,0.31578330592105275
random,0.95,True,0.95,0.5999882812500001,0.5,0.1,7679.850000000002,3839.925000000001,1216.0,2623.925000000001,2.1578330592105273,204.99414062500009,0.31578330592105275
random,0.95,True,0.95,0.5999882812500001,0.7,0.02,7679.850000000002,5375.895000000001,243.2,5132.6950000000015,21.10483141447369,400.99179687500015,0.4420966282894738
random,0.95,True,0.95,0.5999882812500001,0.7,0.05,7679.850000000002,5375.895000000001,608.0,4767.895000000001,7.841932565789476,372.4917968750001,0.4420966282894738
random,0.95,True,0.95,0.5999882812500001,0.7,0.1,7679.850000000002,5375.895000000001,1216.0,4159.895000000001,3.420966282894738,324.99179687500015,0.4420966282894738
random,1.0,True,1.0,0.6710414062500001,0.3,0.02,8589.330000000002,2576.7990000000004,256.0,2320.7990000000004,9.065621093750002,181.31242187500004,0.201312421875
random,1.0,True,1.0,0.6710414062500001,0.3,0.05,8589.330000000002,2576.7990000000004,640.0,1936.7990000000004,3.0262484375000005,151.31242187500004,0.201312421875
random,1.0,True,1.0,0.6710414062500001,0.3,0.1,8589.330000000002,2576.7990000000004,1280.0,1296.7990000000004,1.0131242187500002,101.31242187500003,0.201312421875
random,1.0,True,1.0,0.6710414062500001,0.5,0.02,8589.330000000002,4294.665000000001,256.0,4038.665000000001,15.776035156250003,315.52070312500007,0.33552070312500004
random,1.0,True,1.0,0.6710414062500001,0.5,0.05,8589.330000000002,4294.665000000001,640.0,3654.665000000001,5.710414062500002,285.52070312500007,0.33552070312500004
random,1.0,True,1.0,0.6710414062500001,0.5,0.1,8589.330000000002,4294.665000000001,1280.0,3014.665000000001,2.355207031250001,235.52070312500007,0.33552070312500004
random,1.0,True,1.0,0.6710414062500001,0.7,0.02,8589.330000000002,6012.531000000001,256.0,5756.531000000001,22.486449218750003,449.7289843750001,0.46972898437500005
random,1.0,True,1.0,0.6710414062500001,0.7,0.05,8589.330000000002,6012.531000000001,640.0,5372.531000000001,8.394579687500002,419.72898437500004,0.46972898437500005
random,1.0,True,1.0,0.6710414062500001,0.7,0.1,8589.330000000002,6012.531000000001,1280.0,4732.531000000001,3.6972898437500006,369.7289843750001,0.46972898437500005
no_contact,0.05,True,0.0,0.0,0.3,0.02,0.0,0.0,0.0,0.0,,0.0,
no_contact,0.05,True,0.0,0.0,0.3,0.05,0.0,0.0,0.0,0.0,,0.0,
no_contact,0.05,True,0.0,0.0,0.3,0.1,0.0,0.0,0.0,0.0,,0.0,
no_contact,0.05,True,0.0,0.0,0.5,0.02,0.0,0.0,0.0,0.0,,0.0,
no_contact,0.05,True,0.0,0.0,0.5,0.05,0.0,0.0,0.0,0.0,,0.0,
no_contact,0.05,True,0.0,0.0,0.5,0.1,0.0,0.0,0.0,0.0,,0.0,
no_contact,0.05,True,0.0,0.0,0.7,0.02,0.0,0.0,0.0,0.0,,0.0,
no_contact,0.05,True,0.0,0.0,0.7,0.05,0.0,0.0,0.0,0.0,,0.0,
no_contact,0.05,True,0.0,0.0,0.7,0.1,0.0,0.0,0.0,0.0,,0.0,
no_contact,0.1,True,0.0,0.0,0.3,0.02,0.0,0.0,0.0,0.0,,0.0,
no_contact,0.1,True,0.0,0.0,0.3,0.05,0.0,0.0,0.0,0.0,,0.0,
no_contact,0.1,True,0.0,0.0,0.3,0.1,0.0,0.0,0.0,0.0,,0.0,
no_contact,0.1,True,0.0,0.0,0.5,0.02,0.0,0.0,0.0,0.0,,0.0,
no_contact,0.1,True,0.0,0.0,0.5,0.05,0.0,0.0,0.0,0.0,,0.0,
no_contact,0.1,True,0.0,0.0,0.5,0.1,0.0,0.0,0.0,0.0,,0.0,
no_contact,0.1,True,0.0,0.0,0.7,0.02,0.0,0.0,0.0,0.0,,0.0,
no_contact,0.1,True,0.0,0.0,0.7,0.05,0.0,0.0,0.0,0.0,,0.0,
no_contact,0.1,True,0.0,0.0,0.7,0.1,0.0,0.0,0.0,0.0,,0.0,
no_contact,0.15,True,0.0,0.0,0.3,0.02,0.0,0.0,0.0,0.0,,0.0,
no_contact,0.15,True,0.0,0.0,0.3,0.05,0.0,0.0,0.0,0.0,,0.0,
no_contact,0.15,True,0.0,0.0,0.3,0.1,0.0,0.0,0.0,0.0,,0.0,
no_contact,0.15,True,0.0,0.0,0.5,0.02,0.0,0.0,0.0,0.0,,0.0,
no_contact,0.15,True,0.0,0.0,0.5,0.05,0.0,0.0,0.0,0.0,,0.0,
no_contact,0.15,True,0.0,0.0,0.5,0.1,0.0,0.0,0.0,0.0,,0.0,
no_contact,0.15,True,0.0,0.0,0.7,0.02,0.0,0.0,0.0,0.0,,0.0,
no_contact,0.15,True,0.0,0.0,0.7,0.05,0.0,0.0,0.0,0.0,,0.0,
no_contact,0.15,True,0.0,0.0,0.7,0.1,0.0,0.0,0.0,0.0,,0.0,
no_contact,0.2,True,0.0,0.0,0.3,0.02,0.0,0.0,0.0,0.0,,0.0,
no_contact,0.2,True,0.0,0.0,0.3,0.05,0.0,0.0,0.0,0.0,,0.0,
no_contact,0.2,True,0.0,0.0,0.3,0.1,0.0,0.0,0.0,0.0,,0.0,
no_contact,0.2,True,0.0,0.0,0.5,0.02,0.0,0.0,0.0,0.0,,0.0,
no_contact,0.2,True,0.0,0.0,0.5,0.05,0.0,0.0,0.0,0.0,,0.0,
no_contact,0.2,True,0.0,0.0,0.5,0.1,0.0,0.0,0.0,0.0,,0.0,
no_contact,0.2,True,0.0,0.0,0.7,0.02,0.0,0.0,0.0,0.0,,0.0,
no_contact,0.2,True,0.0,0.0,0.7,0.05,0.0,0.0,0.0,0.0,,0.0,
no_contact,0.2,True,0.0,0.0,0.7,0.1,0.0,0.0,0.0,0.0,,0.0,
no_contact,0.25,True,0.0,0.0,0.3,0.02,0.0,0.0,0.0,0.0,,0.0,
no_contact,0.25,True,0.0,0.0,0.3,0.05,0.0,0.0,0.0,0.0,,0.0,
no_contact,0.25,True,0.0,0.0,0.3,0.1,0.0,0.0,0.0,0.0,,0.0,
no_contact,0.25,True,0.0,0.0,0.5,0.02,0.0,0.0,0.0,0.0,,0.0,
no_contact,0.25,True,0.0,0.0,0.5,0.05,0.0,0.0,0.0,0.0,,0.0,
no_contact,0.25,True,0.0,0.0,0.5,0.1,0.0,0.0,0.0,0.0,,0.0,
no_contact,0.25,True,0.0,0.0,0.7,0.02,0.0,0.0,0.0,0.0,,0.0,
no_contact,0.25,True,0.0,0.0,0.7,0.05,0.0,0.0,0.0,0.0,,0.0,
no_contact,0.25,True,0.0,0.0,0.7,0.1,0.0,0.0,0.0,0.0,,0.0,
no_contact,0.3,True,0.0,0.0,0.3,0.02,0.0,0.0,0.0,0.0,,0.0,
no_contact,0.3,True,0.0,0.0,0.3,0.05,0.0,0.0,0.0,0.0,,0.0,
no_contact,0.3,True,0.0,0.0,0.3,0.1,0.0,0.0,0.0,0.0,,0.0,
no_contact,0.3,True,0.0,0.0,0.5,0.02,0.0,0.0,0.0,0.0,,0.0,
no_contact,0.3,True,0.0,0.0,0.5,0.05,0.0,0.0,0.0,0.0,,0.0,
no_contact,0.3,True,0.0,0.0,0.5,0.1,0.0,0.0,0.0,0.0,,0.0,
no_contact,0.3,True,0.0,0.0,0.7,0.02,0.0,0.0,0.0,0.0,,0.0,
no_contact,0.3,True,0.0,0.0,0.7,0.05,0.0,0.0,0.0,0.0,,0.0,
no_contact,0.3,True,0.0,0.0,0.7,0.1,0.0,0.0,0.0,0.0,,0.0,
no_contact,0.35,True,0.0,0.0,0.3,0.02,0.0,0.0,0.0,0.0,,0.0,
no_contact,0.35,True,0.0,0.0,0.3,0.05,0.0,0.0,0.0,0.0,,0.0,
no_contact,0.35,True,0.0,0.0,0.3,0.1,0.0,0.0,0.0,0.0,,0.0,
no_contact,0.35,True,0.0,0.0,0.5,0.02,0.0,0.0,0.0,0.0,,0.0,
no_contact,0.35,True,0.0,0.0,0.5,0.05,0.0,0.0,0.0,0.0,,0.0,
no_contact,0.35,True,0.0,0.0,0.5,0.1,0.0,0.0,0.0,0.0,,0.0,
no_contact,0.35,True,0.0,0.0,0.7,0.02,0.0,0.0,0.0,0.0,,0.0,
no_contact,0.35,True,0.0,0.0,0.7,0.05,0.0,0.0,0.0,0.0,,0.0,
no_contact,0.35,True,0.0,0.0,0.7,0.1,0.0,0.0,0.0,0.0,,0.0,
no_contact,0.4,True,0.0,0.0,0.3,0.02,0.0,0.0,0.0,0.0,,0.0,
no_contact,0.4,True,0.0,0.0,0.3,0.05,0.0,0.0,0.0,0.0,,0.0,
no_contact,0.4,True,0.0,0.0,0.3,0.1,0.0,0.0,0.0,0.0,,0.0,
no_contact,0.4,True,0.0,0.0,0.5,0.02,0.0,0.0,0.0,0.0,,0.0,
no_contact,0.4,True,0.0,0.0,0.5,0.05,0.0,0.0,0.0,0.0,,0.0,
no_contact,0.4,True,0.0,0.0,0.5,0.1,0.0,0.0,0.0,0.0,,0.0,
no_contact,0.4,True,0.0,0.0,0.7,0.02,0.0,0.0,0.0,0.0,,0.0,
no_contact,0.4,True,0.0,0.0,0.7,0.05,0.0,0.0,0.0,0.0,,0.0,
no_contact,0.4,True,0.0,0.0,0.7,0.1,0.0,0.0,0.0,0.0,,0.0,
no_contact,0.45,True,0.0,0.0,0.3,0.02,0.0,0.0,0.0,0.0,,0.0,
no_contact,0.45,True,0.0,0.0,0.3,0.05,0.0,0.0,0.0,0.0,,0.0,
no_contact,0.45,True,0.0,0.0,0.3,0.1,0.0,0.0,0.0,0.0,,0.0,
no_contact,0.45,True,0.0,0.0,0.5,0.02,0.0,0.0,0.0,0.0,,0.0,
no_contact,0.45,True,0.0,0.0,0.5,0.05,0.0,0.0,0.0,0.0,,0.0,
no_contact,0.45,True,0.0,0.0,0.5,0.1,0.0,0.0,0.0,0.0,,0.0,
no_contact,0.45,True,0.0,0.0,0.7,0.02,0.0,0.0,0.0,0.0,,0.0,
no_contact,0.45,True,0.0,0.0,0.7,0.05,0.0,0.0,0.0,0.0,,0.0,
no_contact,0.45,True,0.0,0.0,0.7,0.1,0.0,0.0,0.0,0.0,,0.0,
no_contact,0.5,True,0.0,0.0,0.3,0.02,0.0,0.0,0.0,0.0,,0.0,
no_contact,0.5,True,0.0,0.0,0.3,0.05,0.0,0.0,0.0,0.0,,0.0,
no_contact,0.5,True,0.0,0.0,0.3,0.1,0.0,0.0,0.0,0.0,,0.0,
no_contact,0.5,True,0.0,0.0,0.5,0.02,0.0,0.0,0.0,0.0,,0.0,
no_contact,0.5,True,0.0,0.0,0.5,0.05,0.0,0.0,0.0,0.0,,0.0,
no_contact,0.5,True,0.0,0.0,0.5,0.1,0.0,0.0,0.0,0.0,,0.0,
no_contact,0.5,True,0.0,0.0,0.7,0.02,0.0,0.0,0.0,0.0,,0.0,
no_contact,0.5,True,0.0,0.0,0.7,0.05,0.0,0.0,0.0,0.0,,0.0,
no_contact,0.5,True,0.0,0.0,0.7,0.1,0.0,0.0,0.0,0.0,,0.0,
no_contact,0.55,True,0.0,0.0,0.3,0.02,0.0,0.0,0.0,0.0,,0.0,
no_contact,0.55,True,0.0,0.0,0.3,0.05,0.0,0.0,0.0,0.0,,0.0,
no_contact,0.55,True,0.0,0.0,0.3,0.1,0.0,0.0,0.0,0.0,,0.0,
no_contact,0.55,True,0.0,0.0,0.5,0.02,0.0,0.0,0.0,0.0,,0.0,
no_contact,0.55,True,0.0,0.0,0.5,0.05,0.0,0.0,0.0,0.0,,0.0,
no_contact,0.55,True,0.0,0.0,0.5,0.1,0.0,0.0,0.0,0.0,,0.0,
no_contact,0.55,True,0.0,0.0,0.7,0.02,0.0,0.0,0.0,0.0,,0.0,
no_contact,0.55,True,0.0,0.0,0.7,0.05,0.0,0.0,0.0,0.0,,0.0,
no_contact,0.55,True,0.0,0.0,0.7,0.1,0.0,0.0,0.0,0.0,,0.0,
no_contact,0.6,True,0.0,0.0,0.3,0.02,0.0,0.0,0.0,0.0,,0.0,
no_contact,0.6,True,0.0,0.0,0.3,0.05,0.0,0.0,0.0,0.0,,0.0,
no_contact,0.6,True,0.0,0.0,0.3,0.1,0.0,0.0,0.0,0.0,,0.0,
no_contact,0.6,True,0.0,0.0,0.5,0.02,0.0,0.0,0.0,0.0,,0.0,
no_contact,0.6,True,0.0,0.0,0.5,0.05,0.0,0.0,0.0,0.0,,0.0,
no_contact,0.6,True,0.0,0.0,0.5,0.1,0.0,0.0,0.0,0.0,,0.0,
no_contact,0.6,True,0.0,0.0,0.7,0.02,0.0,0.0,0.0,0.0,,0.0,
no_contact,0.6,True,0.0,0.0,0.7,0.05,0.0,0.0,0.0,0.0,,0.0,
no_contact,0.6,True,0.0,0.0,0.7,0.1,0.0,0.0,0.0,0.0,,0.0,
no_contact,0.65,True,0.0,0.0,0.3,0.02,0.0,0.0,0.0,0.0,,0.0,
no_contact,0.65,True,0.0,0.0,0.3,0.05,0.0,0.0,0.0,0.0,,0.0,
no_contact,0.65,True,0.0,0.0,0.3,0.1,0.0,0.0,0.0,0.0,,0.0,
no_contact,0.65,True,0.0,0.0,0.5,0.02,0.0,0.0,0.0,0.0,,0.0,
no_contact,0.65,True,0.0,0.0,0.5,0.05,0.0,0.0,0.0,0.0,,0.0,
no_contact,0.65,True,0.0,0.0,0.5,0.1,0.0,0.0,0.0,0.0,,0.0,
no_contact,0.65,True,0.0,0.0,0.7,0.02,0.0,0.0,0.0,0.0,,0.0,
no_contact,0.65,True,0.0,0.0,0.7,0.05,0.0,0.0,0.0,0.0,,0.0,
no_contact,0.65,True,0.0,0.0,0.7,0.1,0.0,0.0,0.0,0.0,,0.0,
no_contact,0.7,True,0.0,0.0,0.3,0.02,0.0,0.0,0.0,0.0,,0.0,
no_contact,0.7,True,0.0,0.0,0.3,0.05,0.0,0.0,0.0,0.0,,0.0,
no_contact,0.7,True,0.0,0.0,0.3,0.1,0.0,0.0,0.0,0.0,,0.0,
no_contact,0.7,True,0.0,0.0,0.5,0.02,0.0,0.0,0.0,0.0,,0.0,
no_contact,0.7,True,0.0,0.0,0.5,0.05,0.0,0.0,0.0,0.0,,0.0,
no_contact,0.7,True,0.0,0.0,0.5,0.1,0.0,0.0,0.0,0.0,,0.0,
no_contact,0.7,True,0.0,0.0,0.7,0.02,0.0,0.0,0.0,0.0,,0.0,
no_contact,0.7,True,0.0,0.0,0.7,0.05,0.0,0.0,0.0,0.0,,0.0,
no_contact,0.7,True,0.0,0.0,0.7,0.1,0.0,0.0,0.0,0.0,,0.0,
no_contact,0.75,True,0.0,0.0,0.3,0.02,0.0,0.0,0.0,0.0,,0.0,
no_contact,0.75,True,0.0,0.0,0.3,0.05,0.0,0.0,0.0,0.0,,0.0,
no_contact,0.75,True,0.0,0.0,0.3,0.1,0.0,0.0,0.0,0.0,,0.0,
no_contact,0.75,True,0.0,0.0,0.5,0.02,0.0,0.0,0.0,0.0,,0.0,
no_contact,0.75,True,0.0,0.0,0.5,0.05,0.0,0.0,0.0,0.0,,0.0,
no_contact,0.75,True,0.0,0.0,0.5,0.1,0.0,0.0,0.0,0.0,,0.0,
no_contact,0.75,True,0.0,0.0,0.7,0.02,0.0,0.0,0.0,0.0,,0.0,
no_contact,0.75,True,0.0,0.0,0.7,0.05,0.0,0.0,0.0,0.0,,0.0,
no_contact,0.75,True,0.0,0.0,0.7,0.1,0.0,0.0,0.0,0.0,,0.0,
no_contact,0.8,True,0.0,0.0,0.3,0.02,0.0,0.0,0.0,0.0,,0.0,
no_contact,0.8,True,0.0,0.0,0.3,0.05,0.0,0.0,0.0,0.0,,0.0,
no_contact,0.8,True,0.0,0.0,0.3,0.1,0.0,0.0,0.0,0.0,,0.0,
no_contact,0.8,True,0.0,0.0,0.5,0.02,0.0,0.0,0.0,0.0,,0.0,
no_contact,0.8,True,0.0,0.0,0.5,0.05,0.0,0.0,0.0,0.0,,0.0,
no_contact,0.8,True,0.0,0.0,0.5,0.1,0.0,0.0,0.0,0.0,,0.0,
no_contact,0.8,True,0.0,0.0,0.7,0.02,0.0,0.0,0.0,0.0,,0.0,
no_contact,0.8,True,0.0,0.0,0.7,0.05,0.0,0.0,0.0,0.0,,0.0,
no_contact,0.8,True,0.0,0.0,0.7,0.1,0.0,0.0,0.0,0.0,,0.0,
no_contact,0.85,True,0.0,0.0,0.3,0.02,0.0,0.0,0.0,0.0,,0.0,
no_contact,0.85,True,0.0,0.0,0.3,0.05,0.0,0.0,0.0,0.0,,0.0,
no_contact,0.85,True,0.0,0.0,0.3,0.1,0.0,0.0,0.0,0.0,,0.0,
no_contact,0.85,True,0.0,0.0,0.5,0.02,0.0,0.0,0.0,0.0,,0.0,
no_contact,0.85,True,0.0,0.0,0.5,0.05,0.0,0.0,0.0,0.0,,0.0,
no_contact,0.85,True,0.0,0.0,0.5,0.1,0.0,0.0,0.0,0.0,,0.0,
no_contact,0.85,True,0.0,0.0,0.7,0.02,0.0,0.0,0.0,0.0,,0.0,
no_contact,0.85,True,0.0,0.0,0.7,0.05,0.0,0.0,0.0,0.0,,0.0,
no_contact,0.85,True,0.0,0.0,0.7,0.1,0.0,0.0,0.0,0.0,,0.0,
no_contact,0.9,True,0.0,0.0,0.3,0.02,0.0,0.0,0.0,0.0,,0.0,
no_contact,0.9,True,0.0,0.0,0.3,0.05,0.0,0.0,0.0,0.0,,0.0,
no_contact,0.9,True,0.0,0.0,0.3,0.1,0.0,0.0,0.0,0.0,,0.0,
no_contact,0.9,True,0.0,0.0,0.5,0.02,0.0,0.0,0.0,0.0,,0.0,
no_contact,0.9,True,0.0,0.0,0.5,0.05,0.0,0.0,0.0,0.0,,0.0,
no_contact,0.9,True,0.0,0.0,0.5,0.1,0.0,0.0,0.0,0.0,,0.0,
no_contact,0.9,True,0.0,0.0,0.7,0.02,0.0,0.0,0.0,0.0,,0.0,
no_contact,0.9,True,0.0,0.0,0.7,0.05,0.0,0.0,0.0,0.0,,0.0,
no_contact,0.9,True,0.0,0.0,0.7,0.1,0.0,0.0,0.0,0.0,,0.0,
no_contact,0.95,True,0.0,0.0,0.3,0.02,0.0,0.0,0.0,0.0,,0.0,
no_contact,0.95,True,0.0,0.0,0.3,0.05,0.0,0.0,0.0,0.0,,0.0,
no_contact,0.95,True,0.0,0.0,0.3,0.1,0.0,0.0,0.0,0.0,,0.0,
no_contact,0.95,True,0.0,0.0,0.5,0.02,0.0,0.0,0.0,0.0,,0.0,
no_contact,0.95,True,0.0,0.0,0.5,0.05,0.0,0.0,0.0,0.0,,0.0,
no_contact,0.95,True,0.0,0.0,0.5,0.1,0.0,0.0,0.0,0.0,,0.0,
no_contact,0.95,True,0.0,0.0,0.7,0.02,0.0,0.0,0.0,0.0,,0.0,
no_contact,0.95,True,0.0,0.0,0.7,0.05,0.0,0.0,0.0,0.0,,0.0,
no_contact,0.95,True,0.0,0.0,0.7,0.1,0.0,0.0,0.0,0.0,,0.0,
no_contact,1.0,True,0.0,0.0,0.3,0.02,0.0,0.0,0.0,0.0,,0.0,
no_contact,1.0,True,0.0,0.0,0.3,0.05,0.0,0.0,0.0,0.0,,0.0,
no_contact,1.0,True,0.0,0.0,0.3,0.1,0.0,0.0,0.0,0.0,,0.0,
no_contact,1.0,True,0.0,0.0,0.5,0.02,0.0,0.0,0.0,0.0,,0.0,
no_contact,1.0,True,0.0,0.0,0.5,0.05,0.0,0.0,0.0,0.0,,0.0,
no_contact,1.0,True,0.0,0.0,0.5,0.1,0.0,0.0,0.0,0.0,,0.0,
no_contact,1.0,True,0.0,0.0,0.7,0.02,0.0,0.0,0.0,0.0,,0.0,
no_contact,1.0,True,0.0,0.0,0.7,0.05,0.0,0.0,0.0,0.0,,0.0,
no_contact,1.0,True,0.0,0.0,0.7,0.1,0.0,0.0,0.0,0.0,,0.0,
treat_all,0.05,False,1.0,0.6710414062500001,0.3,0.02,8589.330000000002,2576.7990000000004,256.0,2320.7990000000004,9.065621093750002,181.31242187500004,0.201312421875
treat_all,0.05,False,1.0,0.6710414062500001,0.3,0.05,8589.330000000002,2576.7990000000004,640.0,1936.7990000000004,3.0262484375000005,151.31242187500004,0.201312421875
treat_all,0.05,False,1.0,0.6710414062500001,0.3,0.1,8589.330000000002,2576.7990000000004,1280.0,1296.7990000000004,1.0131242187500002,101.31242187500003,0.201312421875
treat_all,0.05,False,1.0,0.6710414062500001,0.5,0.02,8589.330000000002,4294.665000000001,256.0,4038.665000000001,15.776035156250003,315.52070312500007,0.33552070312500004
treat_all,0.05,False,1.0,0.6710414062500001,0.5,0.05,8589.330000000002,4294.665000000001,640.0,3654.665000000001,5.710414062500002,285.52070312500007,0.33552070312500004
treat_all,0.05,False,1.0,0.6710414062500001,0.5,0.1,8589.330000000002,4294.665000000001,1280.0,3014.665000000001,2.355207031250001,235.52070312500007,0.33552070312500004
treat_all,0.05,False,1.0,0.6710414062500001,0.7,0.02,8589.330000000002,6012.531000000001,256.0,5756.531000000001,22.486449218750003,449.7289843750001,0.46972898437500005
treat_all,0.05,False,1.0,0.6710414062500001,0.7,0.05,8589.330000000002,6012.531000000001,640.0,5372.531000000001,8.394579687500002,419.72898437500004,0.46972898437500005
treat_all,0.05,False,1.0,0.6710414062500001,0.7,0.1,8589.330000000002,6012.531000000001,1280.0,4732.531000000001,3.6972898437500006,369.7289843750001,0.46972898437500005
treat_all,0.1,False,1.0,0.6710414062500001,0.3,0.02,8589.330000000002,2576.7990000000004,256.0,2320.7990000000004,9.065621093750002,181.31242187500004,0.201312421875
treat_all,0.1,False,1.0,0.6710414062500001,0.3,0.05,8589.330000000002,2576.7990000000004,640.0,1936.7990000000004,3.0262484375000005,151.31242187500004,0.201312421875
treat_all,0.1,False,1.0,0.6710414062500001,0.3,0.1,8589.330000000002,2576.7990000000004,1280.0,1296.7990000000004,1.0131242187500002,101.31242187500003,0.201312421875
treat_all,0.1,False,1.0,0.6710414062500001,0.5,0.02,8589.330000000002,4294.665000000001,256.0,4038.665000000001,15.776035156250003,315.52070312500007,0.33552070312500004
treat_all,0.1,False,1.0,0.6710414062500001,0.5,0.05,8589.330000000002,4294.665000000001,640.0,3654.665000000001,5.710414062500002,285.52070312500007,0.33552070312500004
treat_all,0.1,False,1.0,0.6710414062500001,0.5,0.1,8589.330000000002,4294.665000000001,1280.0,3014.665000000001,2.355207031250001,235.52070312500007,0.33552070312500004
treat_all,0.1,False,1.0,0.6710414062500001,0.7,0.02,8589.330000000002,6012.531000000001,256.0,5756.531000000001,22.486449218750003,449.7289843750001,0.46972898437500005
treat_all,0.1,False,1.0,0.6710414062500001,0.7,0.05,8589.330000000002,6012.531000000001,640.0,5372.531000000001,8.394579687500002,419.72898437500004,0.46972898437500005
treat_all,0.1,False,1.0,0.6710414062500001,0.7,0.1,8589.330000000002,6012.531000000001,1280.0,4732.531000000001,3.6972898437500006,369.7289843750001,0.46972898437500005
treat_all,0.15,False,1.0,0.6710414062500001,0.3,0.02,8589.330000000002,2576.7990000000004,256.0,2320.7990000000004,9.065621093750002,181.31242187500004,0.201312421875
treat_all,0.15,False,1.0,0.6710414062500001,0.3,0.05,8589.330000000002,2576.7990000000004,640.0,1936.7990000000004,3.0262484375000005,151.31242187500004,0.201312421875
treat_all,0.15,False,1.0,0.6710414062500001,0.3,0.1,8589.330000000002,2576.7990000000004,1280.0,1296.7990000000004,1.0131242187500002,101.31242187500003,0.201312421875
treat_all,0.15,False,1.0,0.6710414062500001,0.5,0.02,8589.330000000002,4294.665000000001,256.0,4038.665000000001,15.776035156250003,315.52070312500007,0.33552070312500004
treat_all,0.15,False,1.0,0.6710414062500001,0.5,0.05,8589.330000000002,4294.665000000001,640.0,3654.665000000001,5.710414062500002,285.52070312500007,0.33552070312500004
treat_all,0.15,False,1.0,0.6710414062500001,0.5,0.1,8589.330000000002,4294.665000000001,1280.0,3014.665000000001,2.355207031250001,235.52070312500007,0.33552070312500004
treat_all,0.15,False,1.0,0.6710414062500001,0.7,0.02,8589.330000000002,6012.531000000001,256.0,5756.531000000001,22.486449218750003,449.7289843750001,0.46972898437500005
treat_all,0.15,False,1.0,0.6710414062500001,0.7,0.05,8589.330000000002,6012.531000000001,640.0,5372.531000000001,8.394579687500002,419.72898437500004,0.46972898437500005
treat_all,0.15,False,1.0,0.6710414062500001,0.7,0.1,8589.330000000002,6012.531000000001,1280.0,4732.531000000001,3.6972898437500006,369.7289843750001,0.46972898437500005
treat_all,0.2,False,1.0,0.6710414062500001,0.3,0.02,8589.330000000002,2576.7990000000004,256.0,2320.7990000000004,9.065621093750002,181.31242187500004,0.201312421875
treat_all,0.2,False,1.0,0.6710414062500001,0.3,0.05,8589.330000000002,2576.7990000000004,640.0,1936.7990000000004,3.0262484375000005,151.31242187500004,0.201312421875
treat_all,0.2,False,1.0,0.6710414062500001,0.3,0.1,8589.330000000002,2576.7990000000004,1280.0,1296.7990000000004,1.0131242187500002,101.31242187500003,0.201312421875
treat_all,0.2,False,1.0,0.6710414062500001,0.5,0.02,8589.330000000002,4294.665000000001,256.0,4038.665000000001,15.776035156250003,315.52070312500007,0.33552070312500004
treat_all,0.2,False,1.0,0.6710414062500001,0.5,0.05,8589.330000000002,4294.665000000001,640.0,3654.665000000001,5.710414062500002,285.52070312500007,0.33552070312500004
treat_all,0.2,False,1.0,0.6710414062500001,0.5,0.1,8589.330000000002,4294.665000000001,1280.0,3014.665000000001,2.355207031250001,235.52070312500007,0.33552070312500004
treat_all,0.2,False,1.0,0.6710414062500001,0.7,0.02,8589.330000000002,6012.531000000001,256.0,5756.531000000001,22.486449218750003,449.7289843750001,0.46972898437500005
treat_all,0.2,False,1.0,0.6710414062500001,0.7,0.05,8589.330000000002,6012.531000000001,640.0,5372.531000000001,8.394579687500002,419.72898437500004,0.46972898437500005
treat_all,0.2,False,1.0,0.6710414062500001,0.7,0.1,8589.330000000002,6012.531000000001,1280.0,4732.531000000001,3.6972898437500006,369.7289843750001,0.46972898437500005
treat_all,0.25,False,1.0,0.6710414062500001,0.3,0.02,8589.330000000002,2576.7990000000004,256.0,2320.7990000000004,9.065621093750002,181.31242187500004,0.201312421875
treat_all,0.25,False,1.0,0.6710414062500001,0.3,0.05,8589.330000000002,2576.7990000000004,640.0,1936.7990000000004,3.0262484375000005,151.31242187500004,0.201312421875
treat_all,0.25,False,1.0,0.6710414062500001,0.3,0.1,8589.330000000002,2576.7990000000004,1280.0,1296.7990000000004,1.0131242187500002,101.31242187500003,0.201312421875
treat_all,0.25,False,1.0,0.6710414062500001,0.5,0.02,8589.330000000002,4294.665000000001,256.0,4038.665000000001,15.776035156250003,315.52070312500007,0.33552070312500004
treat_all,0.25,False,1.0,0.6710414062500001,0.5,0.05,8589.330000000002,4294.665000000001,640.0,3654.665000000001,5.710414062500002,285.52070312500007,0.33552070312500004
treat_all,0.25,False,1.0,0.6710414062500001,0.5,0.1,8589.330000000002,4294.665000000001,1280.0,3014.665000000001,2.355207031250001,235.52070312500007,0.33552070312500004
treat_all,0.25,False,1.0,0.6710414062500001,0.7,0.02,8589.330000000002,6012.531000000001,256.0,5756.531000000001,22.486449218750003,449.7289843750001,0.46972898437500005
treat_all,0.25,False,1.0,0.6710414062500001,0.7,0.05,8589.330000000002,6012.531000000001,640.0,5372.531000000001,8.394579687500002,419.72898437500004,0.46972898437500005
treat_all,0.25,False,1.0,0.6710414062500001,0.7,0.1,8589.330000000002,6012.531000000001,1280.0,4732.531000000001,3.6972898437500006,369.7289843750001,0.46972898437500005
treat_all,0.3,False,1.0,0.6710414062500001,0.3,0.02,8589.330000000002,2576.7990000000004,256.0,2320.7990000000004,9.065621093750002,181.31242187500004,0.201312421875
treat_all,0.3,False,1.0,0.6710414062500001,0.3,0.05,8589.330000000002,2576.7990000000004,640.0,1936.7990000000004,3.0262484375000005,151.31242187500004,0.201312421875
treat_all,0.3,False,1.0,0.6710414062500001,0.3,0.1,8589.330000000002,2576.7990000000004,1280.0,1296.7990000000004,1.0131242187500002,101.31242187500003,0.201312421875
treat_all,0.3,False,1.0,0.6710414062500001,0.5,0.02,8589.330000000002,4294.665000000001,256.0,4038.665000000001,15.776035156250003,315.52070312500007,0.33552070312500004
treat_all,0.3,False,1.0,0.6710414062500001,0.5,0.05,8589.330000000002,4294.665000000001,640.0,3654.665000000001,5.710414062500002,285.52070312500007,0.33552070312500004
treat_all,0.3,False,1.0,0.6710414062500001,0.5,0.1,8589.330000000002,4294.665000000001,1280.0,3014.665000000001,2.355207031250001,235.52070312500007,0.33552070312500004
treat_all,0.3,False,1.0,0.6710414062500001,0.7,0.02,8589.330000000002,6012.531000000001,256.0,5756.531000000001,22.486449218750003,449.7289843750001,0.46972898437500005
treat_all,0.3,False,1.0,0.6710414062500001,0.7,0.05,8589.330000000002,6012.531000000001,640.0,5372.531000000001,8.394579687500002,419.72898437500004,0.46972898437500005
treat_all,0.3,False,1.0,0.6710414062500001,0.7,0.1,8589.330000000002,6012.531000000001,1280.0,4732.531000000001,3.6972898437500006,369.7289843750001,0.46972898437500005
treat_all,0.35,False,1.0,0.6710414062500001,0.3,0.02,8589.330000000002,2576.7990000000004,256.0,2320.7990000000004,9.065621093750002,181.31242187500004,0.201312421875
treat_all,0.35,False,1.0,0.6710414062500001,0.3,0.05,8589.330000000002,2576.7990000000004,640.0,1936.7990000000004,3.0262484375000005,151.31242187500004,0.201312421875
treat_all,0.35,False,1.0,0.6710414062500001,0.3,0.1,8589.330000000002,2576.7990000000004,1280.0,1296.7990000000004,1.0131242187500002,101.31242187500003,0.201312421875
treat_all,0.35,False,1.0,0.6710414062500001,0.5,0.02,8589.330000000002,4294.665000000001,256.0,4038.665000000001,15.776035156250003,315.52070312500007,0.33552070312500004
treat_all,0.35,False,1.0,0.6710414062500001,0.5,0.05,8589.330000000002,4294.665000000001,640.0,3654.665000000001,5.710414062500002,285.52070312500007,0.33552070312500004
treat_all,0.35,False,1.0,0.6710414062500001,0.5,0.1,8589.330000000002,4294.665000000001,1280.0,3014.665000000001,2.355207031250001,235.52070312500007,0.33552070312500004
treat_all,0.35,False,1.0,0.6710414062500001,0.7,0.02,8589.330000000002,6012.531000000001,256.0,5756.531000000001,22.486449218750003,449.7289843750001,0.46972898437500005
treat_all,0.35,False,1.0,0.6710414062500001,0.7,0.05,8589.330000000002,6012.531000000001,640.0,5372.531000000001,8.394579687500002,419.72898437500004,0.46972898437500005
treat_all,0.35,False,1.0,0.6710414062500001,0.7,0.1,8589.330000000002,6012.531000000001,1280.0,4732.531000000001,3.6972898437500006,369.7289843750001,0.46972898437500005
treat_all,0.4,False,1.0,0.6710414062500001,0.3,0.02,8589.330000000002,2576.7990000000004,256.0,2320.7990000000004,9.065621093750002,181.31242187500004,0.201312421875
treat_all,0.4,False,1.0,0.6710414062500001,0.3,0.05,8589.330000000002,2576.7990000000004,640.0,1936.7990000000004,3.0262484375000005,151.31242187500004,0.201312421875
treat_all,0.4,False,1.0,0.6710414062500001,0.3,0.1,8589.330000000002,2576.7990000000004,1280.0,1296.7990000000004,1.0131242187500002,101.31242187500003,0.201312421875
treat_all,0.4,False,1.0,0.6710414062500001,0.5,0.02,8589.330000000002,4294.665000000001,256.0,4038.665000000001,15.776035156250003,315.52070312500007,0.33552070312500004
treat_all,0.4,False,1.0,0.6710414062500001,0.5,0.05,8589.330000000002,4294.665000000001,640.0,3654.665000000001,5.710414062500002,285.52070312500007,0.33552070312500004
treat_all,0.4,False,1.0,0.6710414062500001,0.5,0.1,8589.330000000002,4294.665000000001,1280.0,3014.665000000001,2.355207031250001,235.52070312500007,0.33552070312500004
treat_all,0.4,False,1.0,0.6710414062500001,0.7,0.02,8589.330000000002,6012.531000000001,256.0,5756.531000000001,22.486449218750003,449.7289843750001,0.46972898437500005
treat_all,0.4,False,1.0,0.6710414062500001,0.7,0.05,8589.330000000002,6012.531000000001,640.0,5372.531000000001,8.394579687500002,419.72898437500004,0.46972898437500005
treat_all,0.4,False,1.0,0.6710414062500001,0.7,0.1,8589.330000000002,6012.531000000001,1280.0,4732.531000000001,3.6972898437500006,369.7289843750001,0.46972898437500005
treat_all,0.45,False,1.0,0.6710414062500001,0.3,0.02,8589.330000000002,2576.7990000000004,256.0,2320.7990000000004,9.065621093750002,181.31242187500004,0.201312421875
treat_all,0.45,False,1.0,0.6710414062500001,0.3,0.05,8589.330000000002,2576.7990000000004,640.0,1936.7990000000004,3.0262484375000005,151.31242187500004,0.201312421875
treat_all,0.45,False,1.0,0.6710414062500001,0.3,0.1,8589.330000000002,2576.7990000000004,1280.0,1296.7990000000004,1.0131242187500002,101.31242187500003,0.201312421875
treat_all,0.45,False,1.0,0.6710414062500001,0.5,0.02,8589.330000000002,4294.665000000001,256.0,4038.665000000001,15.776035156250003,315.52070312500007,0.33552070312500004
treat_all,0.45,False,1.0,0.6710414062500001,0.5,0.05,8589.330000000002,4294.665000000001,640.0,3654.665000000001,5.710414062500002,285.52070312500007,0.33552070312500004
treat_all,0.45,False,1.0,0.6710414062500001,0.5,0.1,8589.330000000002,4294.665000000001,1280.0,3014.665000000001,2.355207031250001,235.52070312500007,0.33552070312500004
treat_all,0.45,False,1.0,0.6710414062500001,0.7,0.02,8589.330000000002,6012.531000000001,256.0,5756.531000000001,22.486449218750003,449.7289843750001,0.46972898437500005
treat_all,0.45,False,1.0,0.6710414062500001,0.7,0.05,8589.330000000002,6012.531000000001,640.0,5372.531000000001,8.394579687500002,419.72898437500004,0.46972898437500005
treat_all,0.45,False,1.0,0.6710414062500001,0.7,0.1,8589.330000000002,6012.531000000001,1280.0,4732.531000000001,3.6972898437500006,369.7289843750001,0.46972898437500005
treat_all,0.5,False,1.0,0.6710414062500001,0.3,0.02,8589.330000000002,2576.7990000000004,256.0,2320.7990000000004,9.065621093750002,181.31242187500004,0.201312421875
treat_all,0.5,False,1.0,0.6710414062500001,0.3,0.05,8589.330000000002,2576.7990000000004,640.0,1936.7990000000004,3.0262484375000005,151.31242187500004,0.201312421875
treat_all,0.5,False,1.0,0.6710414062500001,0.3,0.1,8589.330000000002,2576.7990000000004,1280.0,1296.7990000000004,1.0131242187500002,101.31242187500003,0.201312421875
treat_all,0.5,False,1.0,0.6710414062500001,0.5,0.02,8589.330000000002,4294.665000000001,256.0,4038.665000000001,15.776035156250003,315.52070312500007,0.33552070312500004
treat_all,0.5,False,1.0,0.6710414062500001,0.5,0.05,8589.330000000002,4294.665000000001,640.0,3654.665000000001,5.710414062500002,285.52070312500007,0.33552070312500004
treat_all,0.5,False,1.0,0.6710414062500001,0.5,0.1,8589.330000000002,4294.665000000001,1280.0,3014.665000000001,2.355207031250001,235.52070312500007,0.33552070312500004
treat_all,0.5,False,1.0,0.6710414062500001,0.7,0.02,8589.330000000002,6012.531000000001,256.0,5756.531000000001,22.486449218750003,449.7289843750001,0.46972898437500005
treat_all,0.5,False,1.0,0.6710414062500001,0.7,0.05,8589.330000000002,6012.531000000001,640.0,5372.531000000001,8.394579687500002,419.72898437500004,0.46972898437500005
treat_all,0.5,False,1.0,0.6710414062500001,0.7,0.1,8589.330000000002,6012.531000000001,1280.0,4732.531000000001,3.6972898437500006,369.7289843750001,0.46972898437500005
treat_all,0.55,False,1.0,0.6710414062500001,0.3,0.02,8589.330000000002,2576.7990000000004,256.0,2320.7990000000004,9.065621093750002,181.31242187500004,0.201312421875
treat_all,0.55,False,1.0,0.6710414062500001,0.3,0.05,8589.330000000002,2576.7990000000004,640.0,1936.7990000000004,3.0262484375000005,151.31242187500004,0.201312421875
treat_all,0.55,False,1.0,0.6710414062500001,0.3,0.1,8589.330000000002,2576.7990000000004,1280.0,1296.7990000000004,1.0131242187500002,101.31242187500003,0.201312421875
treat_all,0.55,False,1.0,0.6710414062500001,0.5,0.02,8589.330000000002,4294.665000000001,256.0,4038.665000000001,15.776035156250003,315.52070312500007,0.33552070312500004
treat_all,0.55,False,1.0,0.6710414062500001,0.5,0.05,8589.330000000002,4294.665000000001,640.0,3654.665000000001,5.710414062500002,285.52070312500007,0.33552070312500004
treat_all,0.55,False,1.0,0.6710414062500001,0.5,0.1,8589.330000000002,4294.665000000001,1280.0,3014.665000000001,2.355207031250001,235.52070312500007,0.33552070312500004
treat_all,0.55,False,1.0,0.6710414062500001,0.7,0.02,8589.330000000002,6012.531000000001,256.0,5756.531000000001,22.486449218750003,449.7289843750001,0.46972898437500005
treat_all,0.55,False,1.0,0.6710414062500001,0.7,0.05,8589.330000000002,6012.531000000001,640.0,5372.531000000001,8.394579687500002,419.72898437500004,0.46972898437500005
treat_all,0.55,False,1.0,0.6710414062500001,0.7,0.1,8589.330000000002,6012.531000000001,1280.0,4732.531000000001,3.6972898437500006,369.7289843750001,0.46972898437500005
treat_all,0.6,False,1.0,0.6710414062500001,0.3,0.02,8589.330000000002,2576.7990000000004,256.0,2320.7990000000004,9.065621093750002,181.31242187500004,0.201312421875
treat_all,0.6,False,1.0,0.6710414062500001,0.3,0.05,8589.330000000002,2576.7990000000004,640.0,1936.7990000000004,3.0262484375000005,151.31242187500004,0.201312421875
treat_all,0.6,False,1.0,0.6710414062500001,0.3,0.1,8589.330000000002,2576.7990000000004,1280.0,1296.7990000000004,1.0131242187500002,101.31242187500003,0.201312421875
treat_all,0.6,False,1.0,0.6710414062500001,0.5,0.02,8589.330000000002,4294.665000000001,256.0,4038.665000000001,15.776035156250003,315.52070312500007,0.33552070312500004
treat_all,0.6,False,1.0,0.6710414062500001,0.5,0.05,8589.330000000002,4294.665000000001,640.0,3654.665000000001,5.710414062500002,285.52070312500007,0.33552070312500004
treat_all,0.6,False,1.0,0.6710414062500001,0.5,0.1,8589.330000000002,4294.665000000001,1280.0,3014.665000000001,2.355207031250001,235.52070312500007,0.33552070312500004
treat_all,0.6,False,1.0,0.6710414062500001,0.7,0.02,8589.330000000002,6012.531000000001,256.0,5756.531000000001,22.486449218750003,449.7289843750001,0.46972898437500005
treat_all,0.6,False,1.0,0.6710414062500001,0.7,0.05,8589.330000000002,6012.531000000001,640.0,5372.531000000001,8.394579687500002,419.72898437500004,0.46972898437500005
treat_all,0.6,False,1.0,0.6710414062500001,0.7,0.1,8589.330000000002,6012.531000000001,1280.0,4732.531000000001,3.6972898437500006,369.7289843750001,0.46972898437500005
treat_all,0.65,False,1.0,0.6710414062500001,0.3,0.02,8589.330000000002,2576.7990000000004,256.0,2320.7990000000004,9.065621093750002,181.31242187500004,0.201312421875
treat_all,0.65,False,1.0,0.6710414062500001,0.3,0.05,8589.330000000002,2576.7990000000004,640.0,1936.7990000000004,3.0262484375000005,151.31242187500004,0.201312421875
treat_all,0.65,False,1.0,0.6710414062500001,0.3,0.1,8589.330000000002,2576.7990000000004,1280.0,1296.7990000000004,1.0131242187500002,101.31242187500003,0.201312421875
treat_all,0.65,False,1.0,0.6710414062500001,0.5,0.02,8589.330000000002,4294.665000000001,256.0,4038.665000000001,15.776035156250003,315.52070312500007,0.33552070312500004
treat_all,0.65,False,1.0,0.6710414062500001,0.5,0.05,8589.330000000002,4294.665000000001,640.0,3654.665000000001,5.710414062500002,285.52070312500007,0.33552070312500004
treat_all,0.65,False,1.0,0.6710414062500001,0.5,0.1,8589.330000000002,4294.665000000001,1280.0,3014.665000000001,2.355207031250001,235.52070312500007,0.33552070312500004
treat_all,0.65,False,1.0,0.6710414062500001,0.7,0.02,8589.330000000002,6012.531000000001,256.0,5756.531000000001,22.486449218750003,449.7289843750001,0.46972898437500005
treat_all,0.65,False,1.0,0.6710414062500001,0.7,0.05,8589.330000000002,6012.531000000001,640.0,5372.531000000001,8.394579687500002,419.72898437500004,0.46972898437500005
treat_all,0.65,False,1.0,0.6710414062500001,0.7,0.1,8589.330000000002,6012.531000000001,1280.0,4732.531000000001,3.6972898437500006,369.7289843750001,0.46972898437500005
treat_all,0.7,False,1.0,0.6710414062500001,0.3,0.02,8589.330000000002,2576.7990000000004,256.0,2320.7990000000004,9.065621093750002,181.31242187500004,0.201312421875
treat_all,0.7,False,1.0,0.6710414062500001,0.3,0.05,8589.330000000002,2576.7990000000004,640.0,1936.7990000000004,3.0262484375000005,151.31242187500004,0.201312421875
treat_all,0.7,False,1.0,0.6710414062500001,0.3,0.1,8589.330000000002,2576.7990000000004,1280.0,1296.7990000000004,1.0131242187500002,101.31242187500003,0.201312421875
treat_all,0.7,False,1.0,0.6710414062500001,0.5,0.02,8589.330000000002,4294.665000000001,256.0,4038.665000000001,15.776035156250003,315.52070312500007,0.33552070312500004
treat_all,0.7,False,1.0,0.6710414062500001,0.5,0.05,8589.330000000002,4294.665000000001,640.0,3654.665000000001,5.710414062500002,285.52070312500007,0.33552070312500004
treat_all,0.7,False,1.0,0.6710414062500001,0.5,0.1,8589.330000000002,4294.665000000001,1280.0,3014.665000000001,2.355207031250001,235.52070312500007,0.33552070312500004
treat_all,0.7,False,1.0,0.6710414062500001,0.7,0.02,8589.330000000002,6012.531000000001,256.0,5756.531000000001,22.486449218750003,449.7289843750001,0.46972898437500005
treat_all,0.7,False,1.0,0.6710414062500001,0.7,0.05,8589.330000000002,6012.531000000001,640.0,5372.531000000001,8.394579687500002,419.72898437500004,0.46972898437500005
treat_all,0.7,False,1.0,0.6710414062500001,0.7,0.1,8589.330000000002,6012.531000000001,1280.0,4732.531000000001,3.6972898437500006,369.7289843750001,0.46972898437500005
treat_all,0.75,False,1.0,0.6710414062500001,0.3,0.02,8589.330000000002,2576.7990000000004,256.0,2320.7990000000004,9.065621093750002,181.31242187500004,0.201312421875
treat_all,0.75,False,1.0,0.6710414062500001,0.3,0.05,8589.330000000002,2576.7990000000004,640.0,1936.7990000000004,3.0262484375000005,151.31242187500004,0.201312421875
treat_all,0.75,False,1.0,0.6710414062500001,0.3,0.1,8589.330000000002,2576.7990000000004,1280.0,1296.7990000000004,1.0131242187500002,101.31242187500003,0.201312421875
treat_all,0.75,False,1.0,0.6710414062500001,0.5,0.02,8589.330000000002,4294.665000000001,256.0,4038.665000000001,15.776035156250003,315.52070312500007,0.33552070312500004
treat_all,0.75,False,1.0,0.6710414062500001,0.5,0.05,8589.330000000002,4294.665000000001,640.0,3654.665000000001,5.710414062500002,285.52070312500007,0.33552070312500004
treat_all,0.75,False,1.0,0.6710414062500001,0.5,0.1,8589.330000000002,4294.665000000001,1280.0,3014.665000000001,2.355207031250001,235.52070312500007,0.33552070312500004
treat_all,0.75,False,1.0,0.6710414062500001,0.7,0.02,8589.330000000002,6012.531000000001,256.0,5756.531000000001,22.486449218750003,449.7289843750001,0.46972898437500005
treat_all,0.75,False,1.0,0.6710414062500001,0.7,0.05,8589.330000000002,6012.531000000001,640.0,5372.531000000001,8.394579687500002,419.72898437500004,0.46972898437500005
treat_all,0.75,False,1.0,0.6710414062500001,0.7,0.1,8589.330000000002,6012.531000000001,1280.0,4732.531000000001,3.6972898437500006,369.7289843750001,0.46972898437500005
treat_all,0.8,False,1.0,0.6710414062500001,0.3,0.02,8589.330000000002,2576.7990000000004,256.0,2320.7990000000004,9.065621093750002,181.31242187500004,0.201312421875
treat_all,0.8,False,1.0,0.6710414062500001,0.3,0.05,8589.330000000002,2576.7990000000004,640.0,1936.7990000000004,3.0262484375000005,151.31242187500004,0.201312421875
treat_all,0.8,False,1.0,0.6710414062500001,0.3,0.1,8589.330000000002,2576.7990000000004,1280.0,1296.7990000000004,1.0131242187500002,101.31242187500003,0.201312421875
treat_all,0.8,False,1.0,0.6710414062500001,0.5,0.02,8589.330000000002,4294.665000000001,256.0,4038.665000000001,15.776035156250003,315.52070312500007,0.33552070312500004
treat_all,0.8,False,1.0,0.6710414062500001,0.5,0.05,8589.330000000002,4294.665000000001,640.0,3654.665000000001,5.710414062500002,285.52070312500007,0.33552070312500004
treat_all,0.8,False,1.0,0.6710414062500001,0.5,0.1,8589.330000000002,4294.665000000001,1280.0,3014.665000000001,2.355207031250001,235.52070312500007,0.33552070312500004
treat_all,0.8,False,1.0,0.6710414062500001,0.7,0.02,8589.330000000002,6012.531000000001,256.0,5756.531000000001,22.486449218750003,449.7289843750001,0.46972898437500005
treat_all,0.8,False,1.0,0.6710414062500001,0.7,0.05,8589.330000000002,6012.531000000001,640.0,5372.531000000001,8.394579687500002,419.72898437500004,0.46972898437500005
treat_all,0.8,False,1.0,0.6710414062500001,0.7,0.1,8589.330000000002,6012.531000000001,1280.0,4732.531000000001,3.6972898437500006,369.7289843750001,0.46972898437500005
treat_all,0.85,False,1.0,0.6710414062500001,0.3,0.02,8589.330000000002,2576.7990000000004,256.0,2320.7990000000004,9.065621093750002,181.31242187500004,0.201312421875
treat_all,0.85,False,1.0,0.6710414062500001,0.3,0.05,8589.330000000002,2576.7990000000004,640.0,1936.7990000000004,3.0262484375000005,151.31242187500004,0.201312421875
treat_all,0.85,False,1.0,0.6710414062500001,0.3,0.1,8589.330000000002,2576.7990000000004,1280.0,1296.7990000000004,1.0131242187500002,101.31242187500003,0.201312421875
treat_all,0.85,False,1.0,0.6710414062500001,0.5,0.02,8589.330000000002,4294.665000000001,256.0,4038.665000000001,15.776035156250003,315.52070312500007,0.33552070312500004
treat_all,0.85,False,1.0,0.6710414062500001,0.5,0.05,8589.330000000002,4294.665000000001,640.0,3654.665000000001,5.710414062500002,285.52070312500007,0.33552070312500004
treat_all,0.85,False,1.0,0.6710414062500001,0.5,0.1,8589.330000000002,4294.665000000001,1280.0,3014.665000000001,2.355207031250001,235.52070312500007,0.33552070312500004
treat_all,0.85,False,1.0,0.6710414062500001,0.7,0.02,8589.330000000002,6012.531000000001,256.0,5756.531000000001,22.486449218750003,449.7289843750001,0.46972898437500005
treat_all,0.85,False,1.0,0.6710414062500001,0.7,0.05,8589.330000000002,6012.531000000001,640.0,5372.531000000001,8.394579687500002,419.72898437500004,0.46972898437500005
treat_all,0.85,False,1.0,0.6710414062500001,0.7,0.1,8589.330000000002,6012.531000000001,1280.0,4732.531000000001,3.6972898437500006,369.7289843750001,0.46972898437500005
treat_all,0.9,False,1.0,0.6710414062500001,0.3,0.02,8589.330000000002,2576.7990000000004,256.0,2320.7990000000004,9.065621093750002,181.31242187500004,0.201312421875
treat_all,0.9,False,1.0,0.6710414062500001,0.3,0.05,8589.330000000002,2576.7990000000004,640.0,1936.7990000000004,3.0262484375000005,151.31242187500004,0.201312421875
treat_all,0.9,False,1.0,0.6710414062500001,0.3,0.1,8589.330000000002,2576.7990000000004,1280.0,1296.7990000000004,1.0131242187500002,101.31242187500003,0.201312421875
treat_all,0.9,False,1.0,0.6710414062500001,0.5,0.02,8589.330000000002,4294.665000000001,256.0,4038.665000000001,15.776035156250003,315.52070312500007,0.33552070312500004
treat_all,0.9,False,1.0,0.6710414062500001,0.5,0.05,8589.330000000002,4294.665000000001,640.0,3654.665000000001,5.710414062500002,285.52070312500007,0.33552070312500004
treat_all,0.9,False,1.0,0.6710414062500001,0.5,0.1,8589.330000000002,4294.665000000001,1280.0,3014.665000000001,2.355207031250001,235.52070312500007,0.33552070312500004
treat_all,0.9,False,1.0,0.6710414062500001,0.7,0.02,8589.330000000002,6012.531000000001,256.0,5756.531000000001,22.486449218750003,449.7289843750001,0.46972898437500005
treat_all,0.9,False,1.0,0.6710414062500001,0.7,0.05,8589.330000000002,6012.531000000001,640.0,5372.531000000001,8.394579687500002,419.72898437500004,0.46972898437500005
treat_all,0.9,False,1.0,0.6710414062500001,0.7,0.1,8589.330000000002,6012.531000000001,1280.0,4732.531000000001,3.6972898437500006,369.7289843750001,0.46972898437500005
treat_all,0.95,False,1.0,0.6710414062500001,0.3,0.02,8589.330000000002,2576.7990000000004,256.0,2320.7990000000004,9.065621093750002,181.31242187500004,0.201312421875
treat_all,0.95,False,1.0,0.6710414062500001,0.3,0.05,8589.330000000002,2576.7990000000004,640.0,1936.7990000000004,3.0262484375000005,151.31242187500004,0.201312421875
treat_all,0.95,False,1.0,0.6710414062500001,0.3,0.1,8589.330000000002,2576.7990000000004,1280.0,1296.7990000000004,1.0131242187500002,101.31242187500003,0.201312421875
treat_all,0.95,False,1.0,0.6710414062500001,0.5,0.02,8589.330000000002,4294.665000000001,256.0,4038.665000000001,15.776035156250003,315.52070312500007,0.33552070312500004
treat_all,0.95,False,1.0,0.6710414062500001,0.5,0.05,8589.330000000002,4294.665000000001,640.0,3654.665000000001,5.710414062500002,285.52070312500007,0.33552070312500004
treat_all,0.95,False,1.0,0.6710414062500001,0.5,0.1,8589.330000000002,4294.665000000001,1280.0,3014.665000000001,2.355207031250001,235.52070312500007,0.33552070312500004
treat_all,0.95,False,1.0,0.6710414062500001,0.7,0.02,8589.330000000002,6012.531000000001,256.0,5756.531000000001,22.486449218750003,449.7289843750001,0.46972898437500005
treat_all,0.95,False,1.0,0.6710414062500001,0.7,0.05,8589.330000000002,6012.531000000001,640.0,5372.531000000001,8.394579687500002,419.72898437500004,0.46972898437500005
treat_all,0.95,False,1.0,0.6710414062500001,0.7,0.1,8589.330000000002,6012.531000000001,1280.0,4732.531000000001,3.6972898437500006,369.7289843750001,0.46972898437500005
treat_all,1.0,True,1.0,0.6710414062500001,0.3,0.02,8589.330000000002,2576.7990000000004,256.0,2320.7990000000004,9.065621093750002,181.31242187500004,0.201312421875
treat_all,1.0,True,1.0,0.6710414062500001,0.3,0.05,8589.330000000002,2576.7990000000004,640.0,1936.7990000000004,3.0262484375000005,151.31242187500004,0.201312421875
treat_all,1.0,True,1.0,0.6710414062500001,0.3,0.1,8589.330000000002,2576.7990000000004,1280.0,1296.7990000000004,1.0131242187500002,101.31242187500003,0.201312421875
treat_all,1.0,True,1.0,0.6710414062500001,0.5,0.02,8589.330000000002,4294.665000000001,256.0,4038.665000000001,15.776035156250003,315.52070312500007,0.33552070312500004
treat_all,1.0,True,1.0,0.6710414062500001,0.5,0.05,8589.330000000002,4294.665000000001,640.0,3654.665000000001,5.710414062500002,285.52070312500007,0.33552070312500004
treat_all,1.0,True,1.0,0.6710414062500001,0.5,0.1,8589.330000000002,4294.665000000001,1280.0,3014.665000000001,2.355207031250001,235.52070312500007,0.33552070312500004
treat_all,1.0,True,1.0,0.6710414062500001,0.7,0.02,8589.330000000002,6012.531000000001,256.0,5756.531000000001,22.486449218750003,449.7289843750001,0.46972898437500005
treat_all,1.0,True,1.0,0.6710414062500001,0.7,0.05,8589.330000000002,6012.531000000001,640.0,5372.531000000001,8.394579687500002,419.72898437500004,0.46972898437500005
treat_all,1.0,True,1.0,0.6710414062500001,0.7,0.1,8589.330000000002,6012.531000000001,1280.0,4732.531000000001,3.6972898437500006,369.7289843750001,0.46972898437500005
